"icon-asset","icon-name"
"description","Description"
"content_copy","Content Copy"
"dashboard","Dashboard"
"edit_note","Edit Note"
"menu_book","Menu Book"
"grid_view","Grid View"
"list","List"
"folder","Folder"
"list_alt","List Alt"
"inventory","Inventory"
"folder_open","Folder Open"
"article","Article"
"fact_check","Fact Check"
"attach_file","Attach File"
"format_list_bulleted","Format List Bulleted"
"assignment","Assignment"
"task","Task"
"checklist","Checklist"
"cloud_upload","Cloud Upload"
"draft","Draft"
"summarize","Summarize"
"cloud","Cloud"
"draw","Draw"
"feed","Feed"
"newspaper","Newspaper"
"file_copy","File Copy"
"view_list","View List"
"note_add","Note Add"
"border_color","Border Color"
"book","Book"
"design_services","Design Services"
"history_edu","History Edu"
"pending_actions","Pending Actions"
"format_quote","Format Quote"
"post_add","Post Add"
"request_quote","Request Quote"
"cloud_download","Cloud Download"
"drag_handle","Drag Handle"
"table","Table"
"contact_page","Contact Page"
"archive","Archive"
"space_dashboard","Space Dashboard"
"content_paste","Content Paste"
"percent","Percent"
"attachment","Attachment"
"assignment_ind","Assignment Ind"
"format_list_numbered","Format List Numbered"
"assignment_turned_in","Assignment Turned In"
"tag","Tag"
"table_chart","Table Chart"
"sticky_note_2","Sticky Note 2"
"text_fields","Text Fields"
"dashboard_customize","Dashboard Customize"
"format_bold","Format Bold"
"integration_instructions","Integration Instructions"
"reorder","Reorder"
"find_in_page","Find In Page"
"note","Note"
"text_snippet","Text Snippet"
"document_scanner","Document Scanner"
"checklist_rtl","Checklist Rtl"
"note_alt","Note Alt"
"edit_document","Edit Document"
"cloud_sync","Cloud Sync"
"table_rows","Table Rows"
"perm_media","Perm Media"
"cloud_done","Cloud Done"
"title","Title"
"table_view","Table View"
"content_cut","Content Cut"
"data_object","Data Object"
"notes","Notes"
"cut","Cut"
"subject","Subject"
"functions","Functions"
"format_italic","Format Italic"
"content_paste_search","Content Paste Search"
"format_color_fill","Format Color Fill"
"folder_shared","Folder Shared"
"plagiarism","Plagiarism"
"horizontal_rule","Horizontal Rule"
"file_present","File Present"
"folder_copy","Folder Copy"
"cloud_off","Cloud Off"
"format_paint","Format Paint"
"ballot","Ballot"
"team_dashboard","Team Dashboard"
"format_align_left","Format Align Left"
"view_column","View Column"
"add_link","Add Link"
"difference","Difference"
"read_more","Read More"
"view_agenda","View Agenda"
"format_size","Format Size"
"format_underlined","Format Underlined"
"vertical_align_top","Vertical Align Top"
"toc","Toc"
"height","Height"
"vertical_align_bottom","Vertical Align Bottom"
"view_week","View Week"
"copy_all","Copy All"
"drive_folder_upload","Drive Folder Upload"
"assignment_late","Assignment Late"
"format_color_text","Format Color Text"
"low_priority","Low Priority"
"drive_file_move","Drive File Move"
"view_module","View Module"
"assignment_return","Assignment Return"
"folder_special","Folder Special"
"segment","Segment"
"format_align_center","Format Align Center"
"square","Square"
"calendar_view_month","Calendar View Month"
"folder_zip","Folder Zip"
"polyline","Polyline"
"breaking_news_alt_1","Breaking News Alt 1"
"format_align_right","Format Align Right"
"grading","Grading"
"view_headline","View Headline"
"linear_scale","Linear Scale"
"edit_off","Edit Off"
"view_quilt","View Quilt"
"view_carousel","View Carousel"
"text_increase","Text Increase"
"request_page","Request Page"
"view_sidebar","View Sidebar"
"text_format","Text Format"
"pages","Pages"
"format_align_justify","Format Align Justify"
"calendar_view_week","Calendar View Week"
"numbers","Numbers"
"hexagon","Hexagon"
"docs_add_on","Docs Add On"
"folder_delete","Folder Delete"
"forms_add_on","Forms Add On"
"format_shapes","Format Shapes"
"imagesearch_roller","Imagesearch Roller"
"video_file","Video File"
"calendar_view_day","Calendar View Day"
"font_download","Font Download"
"format_list_numbered_rtl","Format List Numbered Rtl"
"add_to_drive","Add To Drive"
"join_inner","Join Inner"
"content_paste_go","Content Paste Go"
"restore_page","Restore Page"
"rectangle","Rectangle"
"format_color_reset","Format Color Reset"
"vertical_split","Vertical Split"
"rule_folder","Rule Folder"
"view_stream","View Stream"
"cloud_circle","Cloud Circle"
"format_indent_increase","Format Indent Increase"
"spellcheck","Spellcheck"
"data_array","Data Array"
"assignment_returned","Assignment Returned"
"align_horizontal_left","Align Horizontal Left"
"pivot_table_chart","Pivot Table Chart"
"text_decrease","Text Decrease"
"deselect","Deselect"
"vertical_align_center","Vertical Align Center"
"pentagon","Pentagon"
"merge_type","Merge Type"
"space_bar","Space Bar"
"short_text","Short Text"
"join_left","Join Left"
"format_strikethrough","Format Strikethrough"
"view_day","View Day"
"flip_to_front","Flip To Front"
"border_all","Border All"
"shape_line","Shape Line"
"format_line_spacing","Format Line Spacing"
"line_weight","Line Weight"
"horizontal_split","Horizontal Split"
"format_indent_decrease","Format Indent Decrease"
"join_right","Join Right"
"align_horizontal_center","Align Horizontal Center"
"subtitles_off","Subtitles Off"
"snippet_folder","Snippet Folder"
"align_vertical_bottom","Align Vertical Bottom"
"folder_off","Folder Off"
"glyphs","Glyphs"
"format_clear","Format Clear"
"align_horizontal_right","Align Horizontal Right"
"function","Function"
"vertical_distribute","Vertical Distribute"
"insert_page_break","Insert Page Break"
"content_paste_off","Content Paste Off"
"line_axis","Line Axis"
"superscript","Superscript"
"horizontal_distribute","Horizontal Distribute"
"line_style","Line Style"
"counter_1","Counter 1"
"flip_to_back","Flip To Back"
"align_vertical_center","Align Vertical Center"
"align_vertical_top","Align Vertical Top"
"margin","Margin"
"clarify","Clarify"
"subscript","Subscript"
"wrap_text","Wrap Text"
"view_array","View Array"
"ink_pen","Ink Pen"
"ink_eraser","Ink Eraser"
"border_style","Border Style"
"border_clear","Border Clear"
"amp_stories","Amp Stories"
"border_outer","Border Outer"
"newsmode","Newsmode"
"type_specimen","Type Specimen"
"padding","Padding"
"text_rotate_vertical","Text Rotate Vertical"
"forms_apps_script","Forms Apps Script"
"border_vertical","Border Vertical"
"text_rotation_none","Text Rotation None"
"ink_highlighter","Ink Highlighter"
"format_textdirection_l_to_r","Format Textdirection L To R"
"docs_apps_script","Docs Apps Script"
"format_overline","Format Overline"
"finance_chip","Finance Chip"
"border_horizontal","Border Horizontal"
"font_download_off","Font Download Off"
"format_textdirection_r_to_l","Format Textdirection R To L"
"news","News"
"text_rotation_angleup","Text Rotation Angleup"
"border_bottom","Border Bottom"
"text_rotation_down","Text Rotation Down"
"assignment_add","Assignment Add"
"border_inner","Border Inner"
"border_left","Border Left"
"border_top","Border Top"
"equal","Equal"
"text_rotation_angledown","Text Rotation Angledown"
"note_stack","Note Stack"
"frame_inspect","Frame Inspect"
"text_rotate_up","Text Rotate Up"
"format_h1","Format H1"
"border_right","Border Right"
"note_stack_add","Note Stack Add"
"join","Join"
"counter_2","Counter 2"
"overview","Overview"
"view_column_2","View Column 2"
"export_notes","Export Notes"
"signature","Signature"
"full_coverage","Full Coverage"
"colors","Colors"
"breaking_news","Breaking News"
"slide_library","Slide Library"
"counter_3","Counter 3"
"format_underlined_squiggle","Format Underlined Squiggle"
"width","Width"
"format_h2","Format H2"
"lab_profile","Lab Profile"
"format_list_bulleted_add","Format List Bulleted Add"
"format_paragraph","Format Paragraph"
"variables","Variables"
"csv","Csv"
"format_image_left","Format Image Left"
"file_save","File Save"
"format_ink_highlighter","Format Ink Highlighter"
"reset_image","Reset Image"
"rubric","Rubric"
"contract","Contract"
"contract_edit","Contract Edit"
"dictionary","Dictionary"
"draw_abstract","Draw Abstract"
"format_image_right","Format Image Right"
"ink_marker","Ink Marker"
"remove_selection","Remove Selection"
"process_chart","Process Chart"
"select","Select"
"add_notes","Add Notes"
"text_fields_alt","Text Fields Alt"
"diagnosis","Diagnosis"
"format_h3","Format H3"
"counter_4","Counter 4"
"shapes","Shapes"
"format_h6","Format H6"
"unknown_document","Unknown Document"
"format_h5","Format H5"
"voting_chip","Voting Chip"
"scan_delete","Scan Delete"
"folder_managed","Folder Managed"
"format_h4","Format H4"
"frame_source","Frame Source"
"sticky_note","Sticky Note"
"location_chip","Location Chip"
"stylus_laser_pointer","Stylus Laser Pointer"
"article_shortcut","Article Shortcut"
"tab_duplicate","Tab Duplicate"
"grid_guides","Grid Guides"
"table_chart_view","Table Chart View"
"text_ad","Text Ad"
"insert_text","Insert Text"
"smb_share","Smb Share"
"cell_merge","Cell Merge"
"line_curve","Line Curve"
"regular_expression","Regular Expression"
"stock_media","Stock Media"
"table_rows_narrow","Table Rows Narrow"
"lasso_select","Lasso Select"
"match_case","Match Case"
"custom_typography","Custom Typography"
"list_alt_add","List Alt Add"
"ungroup","Ungroup"
"business_chip","Business Chip"
"counter_5","Counter 5"
"format_letter_spacing_standard","Format Letter Spacing Standard"
"line_end_circle","Line End Circle"
"source_notes","Source Notes"
"tab_close","Tab Close"
"tab_group","Tab Group"
"text_select_move_forward_character","Text Select Move Forward Character"
"folder_supervised","Folder Supervised"
"format_letter_spacing","Format Letter Spacing"
"format_text_overflow","Format Text Overflow"
"thumbnail_bar","Thumbnail Bar"
"book_2","Book 2"
"scan","Scan"
"counter_6","Counter 6"
"decimal_increase","Decimal Increase"
"draw_collage","Draw Collage"
"ink_highlighter_move","Ink Highlighter Move"
"line_end_arrow","Line End Arrow"
"text_select_start","Text Select Start"
"two_pager","Two Pager"
"format_letter_spacing_2","Format Letter Spacing 2"
"line_end","Line End"
"line_start","Line Start"
"contract_delete","Contract Delete"
"line_end_arrow_notch","Line End Arrow Notch"
"stroke_full","Stroke Full"
"stroke_partial","Stroke Partial"
"counter_0","Counter 0"
"language_korean_latin","Language Korean Latin"
"tab_move","Tab Move"
"top_panel_close","Top Panel Close"
"highlighter_size_3","Highlighter Size 3"
"other_admission","Other Admission"
"attach_file_add","Attach File Add"
"book_4","Book 4"
"book_5","Book 5"
"counter_7","Counter 7"
"counter_8","Counter 8"
"counter_9","Counter 9"
"flex_wrap","Flex Wrap"
"line_end_square","Line End Square"
"text_select_jump_to_beginning","Text Select Jump To Beginning"
"file_save_off","File Save Off"
"fit_width","Fit Width"
"format_letter_spacing_wide","Format Letter Spacing Wide"
"format_letter_spacing_wider","Format Letter Spacing Wider"
"heap_snapshot_thumbnail","Heap Snapshot Thumbnail"
"language_chinese_quick","Language Chinese Quick"
"language_spanish","Language Spanish"
"line_end_diamond","Line End Diamond"
"line_start_circle","Line Start Circle"
"line_start_diamond","Line Start Diamond"
"post","Post"
"asterisk","Asterisk"
"heap_snapshot_multiple","Heap Snapshot Multiple"
"markdown_copy","Markdown Copy"
"match_word","Match Word"
"pageless","Pageless"
"person_book","Person Book"
"tab_new_right","Tab New Right"
"flex_direction","Flex Direction"
"folder_data","Folder Data"
"folder_limited","Folder Limited"
"heap_snapshot_large","Heap Snapshot Large"
"ink_eraser_off","Ink Eraser Off"
"line_start_arrow","Line Start Arrow"
"pen_size_5","Pen Size 5"
"special_character","Special Character"
"top_panel_open","Top Panel Open"
"tsv","Tsv"
"align_justify_space_around","Align Justify Space Around"
"align_justify_space_between","Align Justify Space Between"
"align_space_between","Align Space Between"
"format_text_clip","Format Text Clip"
"frame_reload","Frame Reload"
"language_french","Language French"
"language_international","Language International"
"tab_close_right","Tab Close Right"
"text_select_end","Text Select End"
"text_select_jump_to_end","Text Select Jump To End"
"text_select_move_forward_word","Text Select Move Forward Word"
"text_select_move_up","Text Select Move Up"
"align_justify_space_even","Align Justify Space Even"
"book_3","Book 3"
"highlighter_size_5","Highlighter Size 5"
"language_gb_english","Language Gb English"
"language_pinyin","Language Pinyin"
"letter_switch","Letter Switch"
"line_start_square","Line Start Square"
"pen_size_2","Pen Size 2"
"sheets_rtl","Sheets Rtl"
"tab_recent","Tab Recent"
"text_select_move_back_word","Text Select Move Back Word"
"text_select_move_down","Text Select Move Down"
"align_center","Align Center"
"align_flex_center","Align Flex Center"
"decimal_decrease","Decimal Decrease"
"fit_page","Fit Page"
"language_chinese_dayi","Language Chinese Dayi"
"language_chinese_wubi","Language Chinese Wubi"
"language_us","Language Us"
"line_start_arrow_notch","Line Start Arrow Notch"
"pen_size_3","Pen Size 3"
"variable_add","Variable Add"
"align_flex_start","Align Flex Start"
"align_justify_center","Align Justify Center"
"align_justify_flex_end","Align Justify Flex End"
"align_justify_flex_start","Align Justify Flex Start"
"align_self_stretch","Align Self Stretch"
"align_space_around","Align Space Around"
"align_space_even","Align Space Even"
"brand_family","Brand Family"
"format_text_wrap","Format Text Wrap"
"highlighter_size_4","Highlighter Size 4"
"language_chinese_array","Language Chinese Array"
"language_chinese_cangjie","Language Chinese Cangjie"
"language_chinese_pinyin","Language Chinese Pinyin"
"language_japanese_kana","Language Japanese Kana"
"language_us_colemak","Language Us Colemak"
"language_us_dvorak","Language Us Dvorak"
"markdown","Markdown"
"pen_size_4","Pen Size 4"
"text_select_move_back_character","Text Select Move Back Character"
"variable_remove","Variable Remove"
"align_end","Align End"
"align_flex_end","Align Flex End"
"align_items_stretch","Align Items Stretch"
"align_justify_stretch","Align Justify Stretch"
"align_start","Align Start"
"align_stretch","Align Stretch"
"attach_file_off","Attach File Off"
"file_copy_off","File Copy Off"
"flex_no_wrap","Flex No Wrap"
"highlighter_size_1","Highlighter Size 1"
"highlighter_size_2","Highlighter Size 2"
"markdown_paste","Markdown Paste"
"pen_size_1","Pen Size 1"
"variable_insert","Variable Insert"
"search","Search"
"home","Home"
"menu","Menu"
"close","Close"
"settings","Settings"
"done","Done"
"expand_more","Expand More"
"check_circle","Check Circle"
"favorite","Favorite"
"add","Add"
"delete","Delete"
"arrow_back","Arrow Back"
"star","Star"
"chevron_right","Chevron Right"
"logout","Logout"
"arrow_forward_ios","Arrow Forward iOS"
"add_circle","Add Circle"
"cancel","Cancel"
"arrow_back_ios","Arrow Back iOS"
"arrow_forward","Arrow Forward"
"arrow_drop_down","Arrow Drop Down"
"more_vert","More Vert"
"check","Check"
"check_box","Check Box"
"toggle_on","Toggle On"
"open_in_new","Open In New"
"grade","Grade"
"refresh","Refresh"
"check_box_outline_blank","Check Box Outline Blank"
"login","Login"
"chevron_left","Chevron Left"
"expand_less","Expand Less"
"radio_button_unchecked","Radio Button Unchecked"
"more_horiz","More Horiz"
"download","Download"
"apps","Apps"
"arrow_right_alt","Arrow Right Alt"
"radio_button_checked","Radio Button Checked"
"remove","Remove"
"bolt","Bolt"
"toggle_off","Toggle Off"
"arrow_upward","Arrow Upward"
"filter_list","Filter List"
"delete_forever","Delete Forever"
"autorenew","Autorenew"
"key","Key"
"sync","Sync"
"arrow_downward","Arrow Downward"
"block","Block"
"sort","Sort"
"add_box","Add Box"
"arrow_back_ios_new","Arrow Back iOS New"
"restart_alt","Restart Alt"
"shopping_cart_checkout","Shopping Cart Checkout"
"menu_open","Menu Open"
"expand_circle_down","Expand Circle Down"
"undo","Undo"
"backspace","Backspace"
"arrow_circle_right","Arrow Circle Right"
"done_all","Done All"
"arrow_right","Arrow Right"
"do_not_disturb_on","Do Not Disturb On"
"open_in_full","Open In Full"
"manage_search","Manage Search"
"double_arrow","Double Arrow"
"sync_alt","Sync Alt"
"zoom_in","Zoom In"
"done_outline","Done Outline"
"drag_indicator","Drag Indicator"
"fullscreen","Fullscreen"
"keyboard_double_arrow_right","Keyboard Double Arrow Right"
"star_half","Star Half"
"ios_share","iOS Share"
"settings_accessibility","Settings Accessibility"
"arrow_drop_up","Arrow Drop Up"
"reply","Reply"
"exit_to_app","Exit To App"
"unfold_more","Unfold More"
"library_add","Library Add"
"cached","Cached"
"terminal","Terminal"
"select_check_box","Select Check Box"
"change_circle","Change Circle"
"disabled_by_default","Disabled By Default"
"swap_horiz","Swap Horiz"
"swap_vert","Swap Vert"
"close_fullscreen","Close Fullscreen"
"app_registration","App Registration"
"download_for_offline","Download For Offline"
"arrow_circle_left","Arrow Circle Left"
"arrow_circle_up","Arrow Circle Up"
"file_open","File Open"
"minimize","Minimize"
"dataset","Dataset"
"open_with","Open With"
"keyboard_double_arrow_left","Keyboard Double Arrow Left"
"add_task","Add Task"
"start","Start"
"keyboard_voice","Keyboard Voice"
"keyboard_double_arrow_down","Keyboard Double Arrow Down"
"create_new_folder","Create New Folder"
"forward","Forward"
"downloading","Downloading"
"settings_applications","Settings Applications"
"upload","Upload"
"compare_arrows","Compare Arrows"
"redo","Redo"
"publish","Publish"
"zoom_out","Zoom Out"
"arrow_left","Arrow Left"
"html","HTML"
"token","Token"
"switch_access_shortcut","Switch Access Shortcut"
"fullscreen_exit","Fullscreen Exit"
"arrow_circle_down","Arrow Circle Down"
"sort_by_alpha","Sort By Alpha"
"delete_sweep","Delete Sweep"
"indeterminate_check_box","Indeterminate Check Box"
"first_page","First Page"
"view_timeline","View Timeline"
"keyboard_double_arrow_up","Keyboard Double Arrow Up"
"settings_backup_restore","Settings Backup Restore"
"assistant_navigation","Assistant Navigation"
"arrow_drop_down_circle","Arrow Drop Down Circle"
"sync_problem","Sync Problem"
"clear_all","Clear All"
"heart_plus","Heart Plus"
"density_medium","Density Medium"
"expand","Expand"
"filter_alt_off","Filter Alt Off"
"last_page","Last Page"
"subdirectory_arrow_right","Subdirectory Arrow Right"
"arrow_outward","Arrow Outward"
"unfold_less","Unfold Less"
"download_done","Download Done"
"123","123"
"swipe_left","Swipe Left"
"saved_search","Saved Search"
"system_update_alt","System Update Alt"
"place_item","Place Item"
"search_off","Search Off"
"javascript","Javascript"
"output","Output"
"maximize","Maximize"
"swipe_up","Swipe Up"
"fit_screen","Fit Screen"
"select_all","Select All"
"hide_source","Hide Source"
"dynamic_form","Dynamic Form"
"swipe_right","Swipe Right"
"check_small","Check Small"
"switch_access_shortcut_add","Switch Access Shortcut Add"
"browse_gallery","Browse Gallery"
"css","CSS"
"density_small","Density Small"
"assistant_direction","Assistant Direction"
"file_download_done","File Download Done"
"move_up","Move Up"
"youtube_searched_for","Youtube Searched For"
"swap_horizontal_circle","Swap Horizontal Circle"
"data_thresholding","Data Thresholding"
"install_mobile","Install Mobile"
"abc","Abc"
"dataset_linked","Dataset Linked"
"move_down","Move Down"
"restore_from_trash","Restore From Trash"
"enable","Enable"
"install_desktop","Install Desktop"
"keyboard_command_key","Keyboard Command Key"
"browse_activity","Browse Activity"
"view_kanban","View Kanban"
"reply_all","Reply All"
"switch_left","Switch Left"
"compress","Compress"
"swipe_down","Swipe Down"
"swap_vertical_circle","Swap Vertical Circle"
"remove_done","Remove Done"
"apps_outage","Apps Outage"
"filter_list_off","Filter List Off"
"star_rate","Star Rate"
"hide","Hide"
"switch_right","Switch Right"
"swipe_vertical","Swipe Vertical"
"more_up","More Up"
"sync_disabled","Sync Disabled"
"pinch","Pinch"
"keyboard_control_key","Keyboard Control Key"
"eject","Eject"
"key_off","Key Off"
"php","PHP"
"subdirectory_arrow_left","Subdirectory Arrow Left"
"view_cozy","View Cozy"
"transcribe","Transcribe"
"do_not_disturb_off","Do Not Disturb Off"
"send_time_extension","Send Time Extension"
"width_normal","Width Normal"
"view_comfy_alt","View Comfy Alt"
"heart_minus","Heart Minus"
"share_reviews","Share Reviews"
"width_full","Width Full"
"unfold_more_double","Unfold More Double"
"file_download_off","File Download Off"
"view_compact_alt","View Compact Alt"
"extension_off","Extension Off"
"open_in_new_off","Open In New Off"
"check_indeterminate_small","Check Indeterminate Small"
"more_down","More Down"
"width_wide","Width Wide"
"repartition","Repartition"
"density_large","Density Large"
"swipe_down_alt","Swipe Down Alt"
"swipe_left_alt","Swipe Left Alt"
"cycle","Cycle"
"swipe_up_alt","Swipe Up Alt"
"swipe_right_alt","Swipe Right Alt"
"progress_activity","Progress Activity"
"unfold_less_double","Unfold Less Double"
"keyboard_option_key","Keyboard Option Key"
"hls","HLS"
"hls_off","HLS Off"
"file_upload_off","File Upload Off"
"expand_content","Expand Content"
"rebase","Rebase"
"expand_all","Expand All"
"collapse_all","Collapse All"
"quick_reference_all","Quick Reference All"
"rebase_edit","Rebase Edit"
"stat_0","Stat 0"
"arrow_split","Arrow Split"
"deployed_code","Deployed Code"
"empty_dashboard","Empty Dashboard"
"stack","Stack"
"acute","Acute"
"arrow_upward_alt","Arrow Upward Alt"
"switches","Switches"
"left_click","Left Click"
"data_check","Data Check"
"arrow_downward_alt","Arrow Downward Alt"
"directory_sync","Directory Sync"
"page_info","Page Info"
"quick_reference","Quick Reference"
"data_alert","Data Alert"
"clock_loader_60","Clock Loader 60"
"sync_saved_locally","Sync Saved Locally"
"side_navigation","Side Navigation"
"cards","Cards"
"data_info_alert","Data Info Alert"
"question_exchange","Question Exchange"
"point_scan","Point Scan"
"search_check","Search Check"
"arrow_insert","Arrow Insert"
"bubble","Bubble"
"preliminary","Preliminary"
"steppers","Steppers"
"move_item","Move Item"
"star_rate_half","Star Rate Half"
"arrow_left_alt","Arrow Left Alt"
"unknown_med","Unknown Med"
"clock_loader_10","Clock Loader 10"
"captive_portal","Captive Portal"
"stack_star","Stack Star"
"stat_3","Stat 3"
"right_panel_close","Right Panel Close"
"rule_settings","Rule Settings"
"toolbar","Toolbar"
"drag_pan","Drag Pan"
"new_window","New Window"
"expand_circle_right","Expand Circle Right"
"step","Step"
"right_panel_open","Right Panel Open"
"share_windows","Share Windows"
"patient_list","Patient List"
"sweep","Sweep"
"clock_loader_40","Clock Loader 40"
"expand_circle_up","Expand Circle Up"
"responsive_layout","Responsive Layout"
"heart_check","Heart Check"
"stacks","Stacks"
"clock_loader_80","Clock Loader 80"
"input_circle","Input Circle"
"stat_minus_1","Stat Minus 1"
"left_panel_close","Left Panel Close"
"page_control","Page Control"
"all_match","All Match"
"dialogs","Dialogs"
"stat_minus_2","Stat Minus 2"
"clock_loader_90","Clock Loader 90"
"pip","Pip"
"deployed_code_update","Deployed Code Update"
"linked_services","Linked Services"
"move_group","Move Group"
"stat_2","Stat 2"
"buttons_alt","Buttons Alt"
"capture","Capture"
"event_list","Event List"
"step_over","Step Over"
"left_panel_open","Left Panel Open"
"resize","Resize"
"step_into","Step Into"
"bottom_panel_open","Bottom Panel Open"
"partner_reports","Partner Reports"
"radio_button_partial","Radio Button Partial"
"action_key","Action Key"
"dropdown","Dropdown"
"magnification_large","Magnification Large"
"magnification_small","Magnification Small"
"stack_off","Stack Off"
"stat_1","Stat 1"
"stat_minus_3","Stat Minus 3"
"clock_loader_20","Clock Loader 20"
"drag_click","Drag Click"
"sliders","Sliders"
"bottom_navigation","Bottom Navigation"
"arrow_and_edge","Arrow And Edge"
"chronic","Chronic"
"tabs","Tabs"
"arrow_range","Arrow Range"
"chip_extraction","Chip Extraction"
"go_to_line","Go To Line"
"right_click","Right Click"
"bottom_drawer","Bottom Drawer"
"shelf_position","Shelf Position"
"collapse_content","Collapse Content"
"bottom_sheets","Bottom Sheets"
"iframe","Iframe"
"open_in_new_down","Open In New Down"
"unknown_5","Unknown 5"
"prompt_suggestion","Prompt Suggestion"
"ripples","Ripples"
"subheader","Subheader"
"toast","Toast"
"arrow_or_edge","Arrow Or Edge"
"bottom_right_click","Bottom Right Click"
"chips","Chips"
"deployed_code_history","Deployed Code History"
"move_selection_left","Move Selection Left"
"app_badging","App Badging"
"bottom_panel_close","Bottom Panel Close"
"deployed_code_alert","Deployed Code Alert"
"key_vertical","Key Vertical"
"output_circle","Output Circle"
"pip_exit","Pip Exit"
"reopen_window","Reopen Window"
"error_med","Error Med"
"jump_to_element","Jump To Element"
"step_out","Step Out"
"switch_access","Switch Access"
"arrow_top_left","Arrow Top Left"
"arrows_outward","Arrows Outward"
"back_to_tab","Back To Tab"
"bubbles","Bubbles"
"amend","Amend"
"download_2","Download 2"
"highlight_mouse_cursor","Highlight Mouse Cursor"
"iframe_off","Iframe Off"
"move_selection_right","Move Selection Right"
"move_selection_up","Move Selection Up"
"position_bottom_right","Position Bottom Right"
"switch_access_2","Switch Access 2"
"arrow_top_right","Arrow Top Right"
"position_top_right","Position Top Right"
"settings_heart","Settings Heart"
"shelf_auto_hide","Shelf Auto Hide"
"bottom_app_bar","Bottom App Bar"
"close_small","Close Small"
"position_bottom_left","Position Bottom Left"
"move_selection_down","Move Selection Down"
"upload_2","Upload 2"
"deployed_code_account","Deployed Code Account"
"highlight_text_cursor","Highlight Text Cursor"
"highlight_keyboard_focus","Highlight Keyboard Focus"
"person","Person"
"group","Group"
"share","Share"
"thumb_up","Thumb Up"
"groups","Groups"
"public","Public"
"person_add","Person Add"
"handshake","Handshake"
"support_agent","Support Agent"
"face","Face"
"sentiment_satisfied","Sentiment Satisfied"
"rocket_launch","Rocket Launch"
"group_add","Group Add"
"workspace_premium","Workspace Premium"
"psychology","Psychology"
"diversity_3","Diversity 3"
"emoji_objects","Emoji Objects"
"water_drop","Water Drop"
"eco","Eco"
"pets","Pets"
"travel_explore","Travel Explore"
"mood","Mood"
"sunny","Sunny"
"quiz","Quiz"
"health_and_safety","Health And Safety"
"sentiment_dissatisfied","Sentiment Dissatisfied"
"sentiment_very_satisfied","Sentiment Very Satisfied"
"military_tech","Military Tech"
"thumb_down","Thumb Down"
"gavel","Gavel"
"recycling","Recycling"
"diamond","Diamond"
"monitor_heart","Monitor Heart"
"emoji_people","Emoji People"
"diversity_1","Diversity 1"
"workspaces","Workspaces"
"vaccines","Vaccines"
"compost","Compost"
"forest","Forest"
"recommend","Recommend"
"waving_hand","Waving Hand"
"person_remove","Person Remove"
"wc","Wc"
"sentiment_neutral","Sentiment Neutral"
"medication","Medication"
"sentiment_very_dissatisfied","Sentiment Very Dissatisfied"
"group_work","Group Work"
"diversity_2","Diversity 2"
"front_hand","Front Hand"
"psychology_alt","Psychology Alt"
"cruelty_free","Cruelty Free"
"man","Man"
"medical_information","Medical Information"
"add_reaction","Add Reaction"
"coronavirus","Coronavirus"
"rocket","Rocket"
"female","Female"
"potted_plant","Potted Plant"
"emoji_nature","Emoji Nature"
"rainy","Rainy"
"person_off","Person Off"
"cookie","Cookie"
"connect_without_contact","Connect Without Contact"
"woman","Woman"
"mood_bad","Mood Bad"
"male","Male"
"bedtime","Bedtime"
"communication","Communication"
"groups_2","Groups 2"
"solar_power","Solar Power"
"thunderstorm","Thunderstorm"
"thumbs_up_down","Thumbs Up Down"
"partly_cloudy_day","Partly Cloudy Day"
"emoji_flags","Emoji Flags"
"masks","Masks"
"hive","Hive"
"sentiment_extremely_dissatisfied","Sentiment Extremely Dissatisfied"
"heart_broken","Heart Broken"
"clear_day","Clear Day"
"boy","Boy"
"whatshot","Whatshot"
"cloudy_snowing","Cloudy Snowing"
"emoji_food_beverage","Emoji Food Beverage"
"wind_power","Wind Power"
"emoji_transportation","Emoji Transportation"
"elderly","Elderly"
"face_6","Face 6"
"reduce_capacity","Reduce Capacity"
"sick","Sick"
"face_3","Face 3"
"pregnant_woman","Pregnant Woman"
"groups_3","Groups 3"
"skull","Skull"
"bloodtype","Bloodtype"
"egg","Egg"
"group_remove","Group Remove"
"medication_liquid","Medication Liquid"
"clear_night","Clear Night"
"co2","Co2"
"emoji_events","Emoji Events"
"weight","Weight"
"follow_the_signs","Follow The Signs"
"face_4","Face 4"
"oil_barrel","Oil Barrel"
"elderly_woman","Elderly Woman"
"transgender","Transgender"
"sanitizer","Sanitizer"
"clean_hands","Clean Hands"
"person_2","Person 2"
"bring_your_own_ip","Bring Your Own Ip"
"public_off","Public Off"
"face_2","Face 2"
"social_distance","Social Distance"
"routine","Routine"
"sign_language","Sign Language"
"south_america","South America"
"sunny_snowing","Sunny Snowing"
"emoji_symbols","Emoji Symbols"
"garden_cart","Garden Cart"
"flood","Flood"
"face_5","Face 5"
"egg_alt","Egg Alt"
"cyclone","Cyclone"
"girl","Girl"
"person_4","Person 4"
"dentistry","Dentistry"
"tsunami","Tsunami"
"group_off","Group Off"
"outdoor_garden","Outdoor Garden"
"partly_cloudy_night","Partly Cloudy Night"
"severe_cold","Severe Cold"
"snowing","Snowing"
"person_3","Person 3"
"tornado","Tornado"
"safety_divider","Safety Divider"
"vaping_rooms","Vaping Rooms"
"landslide","Landslide"
"foggy","Foggy"
"woman_2","Woman 2"
"no_adult_content","No Adult Content"
"volcano","Volcano"
"6_ft_apart","6 Ft Apart"
"man_2","Man 2"
"blind","Blind"
"18_up_rating","18 Up Rating"
"partner_exchange","Partner Exchange"
"not_accessible","Not Accessible"
"vape_free","Vape Free"
"man_4","Man 4"
"radiology","Radiology"
"rib_cage","Rib Cage"
"hand_bones","Hand Bones"
"bedtime_off","Bedtime Off"
"rheumatology","Rheumatology"
"man_3","Man 3"
"orthopedics","Orthopedics"
"tibia","Tibia"
"skeleton","Skeleton"
"humerus","Humerus"
"communities","Communities"
"foot_bones","Foot Bones"
"cognition","Cognition"
"agender","Agender"
"femur","Femur"
"tibia_alt","Tibia Alt"
"diversity_4","Diversity 4"
"femur_alt","Femur Alt"
"humerus_alt","Humerus Alt"
"neurology","Neurology"
"ulna_radius","Ulna Radius"
"digital_wellbeing","Digital Wellbeing"
"person_raised_hand","Person Raised Hand"
"ulna_radius_alt","Ulna Radius Alt"
"psychiatry","Psychiatry"
"eyeglasses","Eyeglasses"
"labs","Labs"
"specific_gravity","Specific Gravity"
"globe","Globe"
"crowdsource","Crowdsource"
"footprint","Footprint"
"social_leaderboard","Social Leaderboard"
"breastfeeding","Breastfeeding"
"tactic","Tactic"
"vital_signs","Vital Signs"
"globe_asia","Globe Asia"
"strategy","Strategy"
"nutrition","Nutrition"
"demography","Demography"
"sentiment_sad","Sentiment Sad"
"globe_uk","Globe Uk"
"mystery","Mystery"
"stethoscope","Stethoscope"
"clinical_notes","Clinical Notes"
"sentiment_calm","Sentiment Calm"
"sentiment_excited","Sentiment Excited"
"chess","Chess"
"taunt","Taunt"
"conditions","Conditions"
"sentiment_stressed","Sentiment Stressed"
"lab_research","Lab Research"
"pill","Pill"
"crossword","Crossword"
"folded_hands","Folded Hands"
"person_alert","Person Alert"
"genetics","Genetics"
"home_health","Home Health"
"prescriptions","Prescriptions"
"altitude","Altitude"
"cardiology","Cardiology"
"glucose","Glucose"
"deceased","Deceased"
"domino_mask","Domino Mask"
"not_accessible_forward","Not Accessible Forward"
"wrist","Wrist"
"cheer","Cheer"
"cookie_off","Cookie Off"
"person_check","Person Check"
"share_off","Share Off"
"falling","Falling"
"mountain_flag","Mountain Flag"
"weather_hail","Weather Hail"
"weather_mix","Weather Mix"
"emoticon","Emoticon"
"barefoot","Barefoot"
"earthquake","Earthquake"
"microbiology","Microbiology"
"recent_patient","Recent Patient"
"sentiment_content","Sentiment Content"
"editor_choice","Editor Choice"
"mist","Mist"
"sentiment_frustrated","Sentiment Frustrated"
"person_apron","Person Apron"
"playing_cards","Playing Cards"
"prayer_times","Prayer Times"
"sword_rose","Sword Rose"
"water_bottle","Water Bottle"
"lab_panel","Lab Panel"
"raven","Raven"
"dew_point","Dew Point"
"helicopter","Helicopter"
"metabolism","Metabolism"
"dermatology","Dermatology"
"sentiment_worried","Sentiment Worried"
"bomb","Bomb"
"ent","Ent"
"pulmonology","Pulmonology"
"destruction","Destruction"
"explosion","Explosion"
"body_system","Body System"
"nephrology","Nephrology"
"pulse_alert","Pulse Alert"
"water_lux","Water Lux"
"comic_bubble","Comic Bubble"
"infrared","Infrared"
"oral_disease","Oral Disease"
"oxygen_saturation","Oxygen Saturation"
"rainy_snow","Rainy Snow"
"ward","Ward"
"congenital","Congenital"
"person_cancel","Person Cancel"
"stethoscope_check","Stethoscope Check"
"water_ph","Water Ph"
"allergies","Allergies"
"blood_pressure","Blood Pressure"
"humidity_percentage","Humidity Percentage"
"manga","Manga"
"family_star","Family Star"
"outpatient","Outpatient"
"pregnancy","Pregnancy"
"snowing_heavy","Snowing Heavy"
"stethoscope_arrow","Stethoscope Arrow"
"water_voc","Water Voc"
"allergy","Allergy"
"mixture_med","Mixture Med"
"ophthalmology","Ophthalmology"
"pediatrics","Pediatrics"
"symptoms","Symptoms"
"water_bottle_large","Water Bottle Large"
"water_do","Water Do"
"wounds_injuries","Wounds Injuries"
"body_fat","Body Fat"
"gastroenterology","Gastroenterology"
"gynecology","Gynecology"
"immunology","Immunology"
"oncology","Oncology"
"rainy_light","Rainy Light"
"respiratory_rate","Respiratory Rate"
"short_stay","Short Stay"
"syringe","Syringe"
"water_orp","Water Orp"
"admin_meds","Admin Meds"
"candle","Candle"
"endocrinology","Endocrinology"
"fluid_balance","Fluid Balance"
"hematology","Hematology"
"inpatient","Inpatient"
"kid_star","Kid Star"
"moving_beds","Moving Beds"
"procedure","Procedure"
"rainy_heavy","Rainy Heavy"
"salinity","Salinity"
"surgical","Surgical"
"water_ec","Water Ec"
"fluid","Fluid"
"fluid_med","Fluid Med"
"medical_mask","Medical Mask"
"outpatient_med","Outpatient Med"
"pill_off","Pill Off"
"total_dissolved_solids","Total Dissolved Solids"
"urology","Urology"
"account_circle","Account Circle"
"info","Info"
"visibility","Visibility"
"calendar_month","Calendar Month"
"schedule","Schedule"
"help","Help"
"warning","Warning"
"language","Language"
"lock","Lock"
"error","Error"
"visibility_off","Visibility Off"
"verified","Verified"
"manage_accounts","Manage Accounts"
"history","History"
"task_alt","Task Alt"
"event","Event"
"bookmark","Bookmark"
"calendar_today","Calendar Today"
"lightbulb","Lightbulb"
"question_mark","Question Mark"
"fingerprint","Fingerprint"
"category","Category"
"update","Update"
"lock_open","Lock Open"
"priority_high","Priority High"
"code","Code"
"build","Build"
"date_range","Date Range"
"upload_file","Upload File"
"supervisor_account","Supervisor Account"
"event_available","Event Available"
"ads_click","Ads Click"
"today","Today"
"touch_app","Touch App"
"pending","Pending"
"preview","Preview"
"stars","Stars"
"new_releases","New Releases"
"bug_report","Bug Report"
"celebration","Celebration"
"account_box","Account Box"
"translate","Translate"
"how_to_reg","How To Reg"
"push_pin","Push Pin"
"alarm","Alarm"
"edit_calendar","Edit Calendar"
"edit_square","Edit Square"
"label","Label"
"extension","Extension"
"event_note","Event Note"
"record_voice_over","Record Voice Over"
"rate_review","Rate Review"
"web","Web"
"hourglass_empty","Hourglass Empty"
"published_with_changes","Published With Changes"
"support","Support"
"notification_important","Notification Important"
"accessibility_new","Accessibility New"
"help_center","Help Center"
"bookmarks","Bookmarks"
"pan_tool_alt","Pan Tool Alt"
"dangerous","Dangerous"
"supervised_user_circle","Supervised User Circle"
"interests","Interests"
"collections_bookmark","Collections Bookmark"
"all_inclusive","All Inclusive"
"rule","Rule"
"priority","Priority"
"change_history","Change History"
"event_upcoming","Event Upcoming"
"build_circle","Build Circle"
"api","Api"
"wysiwyg","Wysiwyg"
"pan_tool","Pan Tool"
"hotel_class","Hotel Class"
"circle_notifications","Circle Notifications"
"manage_history","Manage History"
"web_asset","Web Asset"
"accessible","Accessible"
"upgrade","Upgrade"
"input","Input"
"bookmark_add","Bookmark Add"
"lock_reset","Lock Reset"
"event_busy","Event Busy"
"model_training","Model Training"
"more_time","More Time"
"flutter_dash","Flutter Dash"
"save_as","Save As"
"backup","Backup"
"accessibility","Accessibility"
"dynamic_feed","Dynamic Feed"
"alarm_on","Alarm On"
"pageview","Pageview"
"home_app_logo","Home App Logo"
"label_important","Label Important"
"perm_contact_calendar","Perm Contact Calendar"
"approval","Approval"
"square_foot","Square Foot"
"history_toggle_off","History Toggle Off"
"more","More"
"swipe","Swipe"
"component_exchange","Component Exchange"
"event_repeat","Event Repeat"
"bookmark_added","Bookmark Added"
"app_shortcut","App Shortcut"
"unpublished","Unpublished"
"open_in_browser","Open In Browser"
"notification_add","Notification Add"
"offline_bolt","Offline Bolt"
"no_accounts","No Accounts"
"free_cancellation","Free Cancellation"
"running_with_errors","Running With Errors"
"background_replace","Background Replace"
"webhook","Webhook"
"anchor","Anchor"
"3d_rotation","3d Rotation"
"lock_person","Lock Person"
"new_label","New Label"
"lock_clock","Lock Clock"
"accessible_forward","Accessible Forward"
"auto_delete","Auto Delete"
"add_alert","Add Alert"
"domain_verification","Domain Verification"
"outbound","Outbound"
"gesture","Gesture"
"hand_gesture","Hand Gesture"
"tab","Tab"
"chrome_reader_mode","Chrome Reader Mode"
"settings_power","Settings Power"
"online_prediction","Online Prediction"
"lightbulb_circle","Lightbulb Circle"
"edit_notifications","Edit Notifications"
"find_replace","Find Replace"
"offline_pin","Offline Pin"
"backup_table","Backup Table"
"ad_units","Ad Units"
"wifi_protected_setup","Wifi Protected Setup"
"http","Http"
"bookmark_remove","Bookmark Remove"
"alarm_add","Alarm Add"
"pinch_zoom_out","Pinch Zoom Out"
"on_device_training","On Device Training"
"feedback","Feedback"
"target","Target"
"snooze","Snooze"
"batch_prediction","Batch Prediction"
"code_off","Code Off"
"pinch_zoom_in","Pinch Zoom In"
"commit","Commit"
"hourglass_disabled","Hourglass Disabled"
"settings_overscan","Settings Overscan"
"polymer","Polymer"
"youtube_activity","Youtube Activity"
"logo_dev","Logo Dev"
"manufacturing","Manufacturing"
"time_auto","Time Auto"
"voice_over_off","Voice Over Off"
"person_add_disabled","Person Add Disabled"
"alarm_off","Alarm Off"
"update_disabled","Update Disabled"
"timer_10_alt_1","Timer 10 Alt 1"
"rounded_corner","Rounded Corner"
"label_off","Label Off"
"timer_3_alt_1","Timer 3 Alt 1"
"all_out","All Out"
"tab_unselected","Tab Unselected"
"rsvp","Rsvp"
"web_traffic","Web Traffic"
"web_asset_off","Web Asset Off"
"pin_invoke","Pin Invoke"
"pin_end","Pin End"
"code_blocks","Code Blocks"
"arrow_selector_tool","Arrow Selector Tool"
"approval_delegation","Approval Delegation"
"developer_guide","Developer Guide"
"contacts_product","Contacts Product"
"license","License"
"flutter","Flutter"
"feature_search","Feature Search"
"reminder","Reminder"
"lists","Lists"
"problem","Problem"
"user_attributes","User Attributes"
"award_star","Award Star"
"browse","Browse"
"sdk","Sdk"
"visibility_lock","Visibility Lock"
"release_alert","Release Alert"
"data_loss_prevention","Data Loss Prevention"
"ad_group","Ad Group"
"select_window","Select Window"
"settings_account_box","Settings Account Box"
"lock_open_right","Lock Open Right"
"pan_zoom","Pan Zoom"
"search_hands_free","Search Hands Free"
"ad","Ad"
"circles_ext","Circles Ext"
"draft_orders","Draft Orders"
"calendar_clock","Calendar Clock"
"hourglass","Hourglass"
"ad_group_off","Ad Group Off"
"gesture_select","Gesture Select"
"account_child_invert","Account Child Invert"
"account_child","Account Child"
"shadow","Shadow"
"add_ad","Add Ad"
"bookmark_manager","Bookmark Manager"
"watch_screentime","Watch Screentime"
"info_i","Info I"
"indeterminate_question_box","Indeterminate Question Box"
"shift","Shift"
"account_circle_off","Account Circle Off"
"ad_off","Ad Off"
"select_window_off","Select Window Off"
"circles","Circles"
"unlicense","Unlicense"
"alarm_smart_wake","Alarm Smart Wake"
"help_clinic","Help Clinic"
"water_lock","Water Lock"
"scrollable_header","Scrollable Header"
"warning_off","Warning Off"
"supervised_user_circle_off","Supervised User Circle Off"
"delete_history","Delete History"
"person_edit","Person Edit"
"preview_off","Preview Off"
"domain_verification_off","Domain Verification Off"
"shadow_add","Shadow Add"
"measuring_tape","Measuring Tape"
"shift_lock","Shift Lock"
"shadow_minus","Shadow Minus"
"history_off","History Off"
"mail","Mail"
"call","Call"
"notifications","Notifications"
"send","Send"
"chat","Chat"
"link","Link"
"forum","Forum"
"inventory_2","Inventory 2"
"phone_in_talk","Phone In Talk"
"chat_bubble","Chat Bubble"
"contact_support","Contact Support"
"notifications_active","Notifications Active"
"alternate_email","Alternate Email"
"sms","Sms"
"comment","Comment"
"power_settings_new","Power Settings New"
"hub","Hub"
"person_search","Person Search"
"import_contacts","Import Contacts"
"contacts","Contacts"
"contact_mail","Contact Mail"
"live_help","Live Help"
"forward_to_inbox","Forward To Inbox"
"reviews","Reviews"
"mark_email_unread","Mark Email Unread"
"lan","Lan"
"hourglass_top","Hourglass Top"
"contact_phone","Contact Phone"
"mode_comment","Mode Comment"
"inbox","Inbox"
"drafts","Drafts"
"outgoing_mail","Outgoing Mail"
"hourglass_bottom","Hourglass Bottom"
"mark_email_read","Mark Email Read"
"link_off","Link Off"
"calendar_add_on","Calendar Add On"
"add_comment","Add Comment"
"phone_enabled","Phone Enabled"
"g_translate","G Translate"
"speaker_notes","Speaker Notes"
"perm_phone_msg","Perm Phone Msg"
"co_present","Co Present"
"notifications_off","Notifications Off"
"call_end","Call End"
"topic","Topic"
"cell_tower","Cell Tower"
"mark_chat_unread","Mark Chat Unread"
"schedule_send","Schedule Send"
"dialpad","Dialpad"
"call_made","Call Made"
"satellite_alt","Satellite Alt"
"mark_unread_chat_alt","Mark Unread Chat Alt"
"unarchive","Unarchive"
"3p","3p"
"cancel_presentation","Cancel Presentation"
"move_to_inbox","Move To Inbox"
"mark_as_unread","Mark As Unread"
"next_plan","Next Plan"
"attach_email","Attach Email"
"phonelink_ring","Phonelink Ring"
"unsubscribe","Unsubscribe"
"phone_callback","Phone Callback"
"call_received","Call Received"
"settings_phone","Settings Phone"
"call_split","Call Split"
"present_to_all","Present To All"
"add_call","Add Call"
"markunread_mailbox","Markunread Mailbox"
"all_inbox","All Inbox"
"voice_chat","Voice Chat"
"phone_forwarded","Phone Forwarded"
"mail_lock","Mail Lock"
"attribution","Attribution"
"voicemail","Voicemail"
"duo","Duo"
"contact_emergency","Contact Emergency"
"mark_chat_read","Mark Chat Read"
"upcoming","Upcoming"
"phone_disabled","Phone Disabled"
"swap_calls","Swap Calls"
"outbox","Outbox"
"phonelink_lock","Phonelink Lock"
"spoke","Spoke"
"picture_in_picture_alt","Picture In Picture Alt"
"cancel_schedule_send","Cancel Schedule Send"
"ring_volume","Ring Volume"
"notifications_paused","Notifications Paused"
"quickreply","Quickreply"
"phone_missed","Phone Missed"
"comment_bank","Comment Bank"
"chat_add_on","Chat Add On"
"send_and_archive","Send And Archive"
"picture_in_picture","Picture In Picture"
"phonelink_erase","Phonelink Erase"
"settings_bluetooth","Settings Bluetooth"
"comments_disabled","Comments Disabled"
"video_chat","Video Chat"
"score","Score"
"pause_presentation","Pause Presentation"
"speaker_phone","Speaker Phone"
"cell_wifi","Cell Wifi"
"speaker_notes_off","Speaker Notes Off"
"auto_read_play","Auto Read Play"
"mms","Mms"
"call_merge","Call Merge"
"play_for_work","Play For Work"
"call_missed_outgoing","Call Missed Outgoing"
"call_missed","Call Missed"
"wifi_channel","Wifi Channel"
"calendar_apps_script","Calendar Apps Script"
"phone_paused","Phone Paused"
"rtt","RTT"
"auto_read_pause","Auto Read Pause"
"phone_locked","Phone Locked"
"wifi_calling","Wifi Calling"
"chat_apps_script","Chat Apps Script"
"sip","Sip"
"dialer_sip","Dialer Sip"
"nat","Nat"
"phone_bluetooth_speaker","Phone Bluetooth Speaker"
"e911_avatar","E911 Avatar"
"inbox_customize","Inbox Customize"
"stacked_email","Stacked Email"
"tooltip","Tooltip"
"business_messages","Business Messages"
"for_you","For You"
"chat_error","Chat Error"
"chat_paste_go","Chat Paste Go"
"notification_multiple","Notification Multiple"
"ods","Ods"
"picture_in_picture_small","Picture In Picture Small"
"call_quality","Call Quality"
"notifications_unread","Notifications Unread"
"picture_in_picture_off","Picture In Picture Off"
"call_log","Call Log"
"network_intelligence_update","Network Intelligence Update"
"thread_unread","Thread Unread"
"chat_info","Chat Info"
"outbox_alt","Outbox Alt"
"signal_cellular_add","Signal Cellular Add"
"odt","Odt"
"network_intelligence_history","Network Intelligence History"
"phonelink_ring_off","Phonelink Ring Off"
"picture_in_picture_medium","Picture In Picture Medium"
"stacked_inbox","Stacked Inbox"
"network_manage","Network Manage"
"wifi_add","Wifi Add"
"picture_in_picture_center","Picture In Picture Center"
"wifi_proxy","Wifi Proxy"
"picture_in_picture_large","Picture In Picture Large"
"picture_in_picture_mobile","Picture In Picture Mobile"
"edit","Edit"
"photo_camera","Photo Camera"
"filter_alt","Filter Alt"
"image","Image"
"navigate_next","Navigate Next"
"tune","Tune"
"timer","Timer"
"picture_as_pdf","Picture As Pdf"
"circle","Circle"
"palette","Palette"
"add_a_photo","Add A Photo"
"photo_library","Photo Library"
"navigate_before","Navigate Before"
"auto_stories","Auto Stories"
"add_photo_alternate","Add Photo Alternate"
"brush","Brush"
"imagesmode","Imagesmode"
"nature","Nature"
"flash_on","Flash On"
"wb_sunny","Wb Sunny"
"camera","Camera"
"looks_one","Looks One"
"straighten","Straighten"
"landscape","Landscape"
"timelapse","Timelapse"
"slideshow","Slideshow"
"grid_on","Grid On"
"rotate_right","Rotate Right"
"crop_square","Crop Square"
"crop_free","Crop Free"
"adjust","Adjust"
"style","Style"
"aspect_ratio","Aspect Ratio"
"brightness_6","Brightness 6"
"photo","Photo"
"nature_people","Nature People"
"filter_vintage","Filter Vintage"
"image_search","Image Search"
"crop","Crop"
"blur_on","Blur On"
"center_focus_strong","Center Focus Strong"
"contrast","Contrast"
"compare","Compare"
"looks_two","Looks Two"
"colorize","Colorize"
"rotate_left","Rotate Left"
"flare","Flare"
"filter_none","Filter None"
"wb_incandescent","Wb Incandescent"
"filter_drama","Filter Drama"
"healing","Healing"
"wb_twilight","Wb Twilight"
"looks_3","Looks 3"
"brightness_5","Brightness 5"
"invert_colors","Invert Colors"
"animation","Animation"
"lens","Lens"
"opacity","Opacity"
"incomplete_circle","Incomplete Circle"
"broken_image","Broken Image"
"filter_center_focus","Filter Center Focus"
"add_to_photos","Add To Photos"
"brightness_4","Brightness 4"
"auto_awesome_motion","Auto Awesome Motion"
"flash_off","Flash Off"
"flip","Flip"
"center_focus_weak","Center Focus Weak"
"flip_camera_android","Flip Camera Android"
"mic_external_on","Mic External On"
"lens_blur","Lens Blur"
"web_stories","Web Stories"
"grain","Grain"
"no_photography","No Photography"
"details","Details"
"panorama","Panorama"
"gif_box","GIF Box"
"flaky","Flaky"
"dehaze","Dehaze"
"exposure_plus_1","Exposure Plus 1"
"loupe","Loupe"
"settings_brightness","Settings Brightness"
"auto_awesome_mosaic","Auto Awesome Mosaic"
"looks_4","Looks 4"
"texture","Texture"
"filter_1","Filter 1"
"flip_camera_ios","Flip Camera iOS"
"timer_off","Timer Off"
"panorama_fish_eye","Panorama Fish Eye"
"brightness_1","Brightness 1"
"filter","Filter"
"view_compact","View Compact"
"control_point_duplicate","Control Point Duplicate"
"brightness_7","Brightness 7"
"photo_camera_front","Photo Camera Front"
"transform","Transform"
"photo_album","Photo Album"
"view_comfy","View Comfy"
"linked_camera","Linked Camera"
"hide_image","Hide Image"
"crop_16_9","Crop 16 9"
"looks","Looks"
"looks_5","Looks 5"
"exposure","Exposure"
"rotate_90_degrees_ccw","Rotate 90 Degrees Ccw"
"filter_hdr","Filter Hdr"
"gif","GIF"
"brightness_3","Brightness 3"
"hdr_strong","Hdr Strong"
"leak_add","Leak Add"
"crop_7_5","Crop 7 5"
"gradient","Gradient"
"hdr_auto","Hdr Auto"
"vrpano","Vrpano"
"crop_portrait","Crop Portrait"
"motion_photos_auto","Motion Photos Auto"
"camera_roll","Camera Roll"
"blur_circular","Blur Circular"
"rotate_90_degrees_cw","Rotate 90 Degrees Cw"
"brightness_2","Brightness 2"
"photo_size_select_small","Photo Size Select Small"
"shutter_speed","Shutter Speed"
"looks_6","Looks 6"
"camera_front","Camera Front"
"flash_auto","Flash Auto"
"crop_landscape","Crop Landscape"
"filter_2","Filter 2"
"deblur","Deblur"
"filter_tilt_shift","Filter Tilt Shift"
"monochrome_photos","Monochrome Photos"
"motion_photos_paused","Motion Photos Paused"
"night_sight_auto","Night Sight Auto"
"crop_5_4","Crop 5 4"
"filter_4","Filter 4"
"hdr_weak","Hdr Weak"
"filter_3","Filter 3"
"crop_rotate","Crop Rotate"
"crop_3_2","Crop 3 2"
"tonality","Tonality"
"ev_shadow","Ev Shadow"
"fluorescent","Fluorescent"
"switch_camera","Switch Camera"
"photo_frame","Photo Frame"
"exposure_zero","Exposure Zero"
"photo_size_select_large","Photo Size Select Large"
"macro_off","Macro Off"
"filter_frames","Filter Frames"
"party_mode","Party Mode"
"raw_on","Raw On"
"motion_blur","Motion Blur"
"filter_b_and_w","Filter B And W"
"motion_photos_off","Motion Photos Off"
"exposure_plus_2","Exposure Plus 2"
"photo_camera_back","Photo Camera Back"
"blur_linear","Blur Linear"
"exposure_neg_1","Exposure Neg 1"
"wb_iridescent","Wb Iridescent"
"face_retouching_off","Face Retouching Off"
"switch_video","Switch Video"
"panorama_horizontal","Panorama Horizontal"
"filter_5","Filter 5"
"blur_medium","Blur Medium"
"invert_colors_off","Invert Colors Off"
"filter_7","Filter 7"
"hdr_on","Hdr On"
"burst_mode","Burst Mode"
"panorama_photosphere","Panorama Photosphere"
"grid_off","Grid Off"
"filter_9_plus","Filter 9 Plus"
"timer_10","Timer 10"
"filter_8","Filter 8"
"blur_short","Blur Short"
"dirty_lens","Dirty Lens"
"filter_9","Filter 9"
"wb_shade","Wb Shade"
"no_flash","No Flash"
"filter_6","Filter 6"
"image_aspect_ratio","Image Aspect Ratio"
"trail_length","Trail Length"
"exposure_neg_2","Exposure Neg 2"
"vignette","Vignette"
"timer_3","Timer 3"
"leak_remove","Leak Remove"
"blur_off","Blur Off"
"perm_camera_mic","Perm Camera Mic"
"60fps_select","60fps Select"
"30fps_select","30fps Select"
"trail_length_medium","Trail Length Medium"
"camera_rear","Camera Rear"
"mic_external_off","Mic External Off"
"trail_length_short","Trail Length Short"
"panorama_vertical","Panorama Vertical"
"night_sight_auto_off","Night Sight Auto Off"
"autofps_select","Autofps Select"
"hdr_off","Hdr Off"
"panorama_wide_angle","Panorama Wide Angle"
"hdr_enhanced_select","Hdr Enhanced Select"
"mp","Mp"
"24mp","24mp"
"hdr_on_select","Hdr On Select"
"22mp","22mp"
"10mp","10mp"
"12mp","12mp"
"hdr_plus","Hdr Plus"
"18mp","18mp"
"hdr_auto_select","Hdr Auto Select"
"raw_off","Raw Off"
"wb_auto","Wb Auto"
"9mp","9mp"
"13mp","13mp"
"hevc","Hevc"
"20mp","20mp"
"5mp","5mp"
"7mp","7mp"
"15mp","15mp"
"hdr_off_select","Hdr Off Select"
"16mp","16mp"
"19mp","19mp"
"23mp","23mp"
"2mp","2mp"
"8mp","8mp"
"14mp","14mp"
"3mp","3mp"
"6mp","6mp"
"11mp","11mp"
"21mp","21mp"
"4mp","4mp"
"17mp","17mp"
"gallery_thumbnail","Gallery Thumbnail"
"masked_transitions","Masked Transitions"
"motion_photos_on","Motion Photos On"
"settings_b_roll","Settings B Roll"
"vr180_create2d","Vr180 Create2d"
"settings_photo_camera","Settings Photo Camera"
"photo_prints","Photo Prints"
"settings_video_camera","Settings Video Camera"
"planner_banner_ad_pt","Planner Banner Ad Pt"
"settings_timelapse","Settings Timelapse"
"unknown_2","Unknown 2"
"50mp","50mp"
"settings_night_sight","Settings Night Sight"
"settings_panorama","Settings Panorama"
"settings_motion_mode","Settings Motion Mode"
"motion_mode","Motion Mode"
"photo_auto_merge","Photo Auto Merge"
"settings_cinematic_blur","Settings Cinematic Blur"
"vr180_create2d_off","Vr180 Create2d Off"
"filter_retrolux","Filter Retrolux"
"background_dot_large","Background Dot Large"
"background_grid_small","Background Grid Small"
"texture_add","Texture Add"
"high_res","High Res"
"settings_slow_motion","Settings Slow Motion"
"shutter_speed_add","Shutter Speed Add"
"texture_minus","Texture Minus"
"transition_dissolve","Transition Dissolve"
"transition_fade","Transition Fade"
"crop_9_16","Crop 9 16"
"high_density","High Density"
"macro_auto","Macro Auto"
"background_dot_small","Background Dot Small"
"contrast_rtl_off","Contrast Rtl Off"
"ev_shadow_add","Ev Shadow Add"
"low_density","Low Density"
"shutter_speed_minus","Shutter Speed Minus"
"transition_slide","Transition Slide"
"ev_shadow_minus","Ev Shadow Minus"
"hdr_plus_off","Hdr Plus Off"
"transition_push","Transition Push"
"transition_chop","Transition Chop"
"shopping_cart","Shopping Cart"
"payments","Payments"
"shopping_bag","Shopping Bag"
"monitoring","Monitoring"
"credit_card","Credit Card"
"receipt_long","Receipt Long"
"attach_money","Attach Money"
"database","Database"
"storefront","Storefront"
"trending_up","Trending Up"
"sell","Sell"
"account_balance","Account Balance"
"work","Work"
"paid","Paid"
"account_balance_wallet","Account Balance Wallet"
"analytics","Analytics"
"query_stats","Query Stats"
"store","Store"
"savings","Savings"
"monetization_on","Monetization On"
"calculate","Calculate"
"qr_code_scanner","Qr Code Scanner"
"bar_chart","Bar Chart"
"account_tree","Account Tree"
"add_shopping_cart","Add Shopping Cart"
"receipt","Receipt"
"redeem","Redeem"
"currency_exchange","Currency Exchange"
"trending_flat","Trending Flat"
"shopping_basket","Shopping Basket"
"qr_code_2","Qr Code 2"
"domain","Domain"
"precision_manufacturing","Precision Manufacturing"
"qr_code","Qr Code"
"leaderboard","Leaderboard"
"corporate_fare","Corporate Fare"
"timeline","Timeline"
"insert_chart","Insert Chart"
"currency_rupee","Currency Rupee"
"wallet","Wallet"
"show_chart","Show Chart"
"work_history","Work History"
"euro","Euro"
"meeting_room","Meeting Room"
"credit_score","Credit Score"
"barcode_scanner","Barcode Scanner"
"pie_chart","Pie Chart"
"loyalty","Loyalty"
"copyright","Copyright"
"conversion_path","Conversion Path"
"barcode","Barcode"
"trending_down","Trending Down"
"track_changes","Track Changes"
"price_check","Price Check"
"euro_symbol","Euro Symbol"
"schema","Schema"
"add_business","Add Business"
"add_card","Add Card"
"card_membership","Card Membership"
"currency_bitcoin","Currency Bitcoin"
"price_change","Price Change"
"donut_large","Donut Large"
"production_quantity_limits","Production Quantity Limits"
"tenancy","Tenancy"
"data_exploration","Data Exploration"
"bubble_chart","Bubble Chart"
"donut_small","Donut Small"
"contactless","Contactless"
"money","Money"
"stacked_line_chart","Stacked Line Chart"
"stacked_bar_chart","Stacked Bar Chart"
"toll","Toll"
"money_off","Money Off"
"cases","Cases"
"currency_yen","Currency Yen"
"area_chart","Area Chart"
"currency_pound","Currency Pound"
"atr","Atr"
"remove_shopping_cart","Remove Shopping Cart"
"room_preferences","Room Preferences"
"add_chart","Add Chart"
"shop","Shop"
"domain_add","Domain Add"
"grouped_bar_chart","Grouped Bar Chart"
"card_travel","Card Travel"
"legend_toggle","Legend Toggle"
"scatter_plot","Scatter Plot"
"credit_card_off","Credit Card Off"
"mediation","Mediation"
"ssid_chart","Ssid Chart"
"candlestick_chart","Candlestick Chart"
"waterfall_chart","Waterfall Chart"
"full_stacked_bar_chart","Full Stacked Bar Chart"
"currency_ruble","Currency Ruble"
"domain_disabled","Domain Disabled"
"shop_two","Shop Two"
"strikethrough_s","Strikethrough S"
"atm","Atm"
"next_week","Next Week"
"multiline_chart","Multiline Chart"
"currency_lira","Currency Lira"
"currency_yuan","Currency Yuan"
"troubleshoot","Troubleshoot"
"no_meeting_room","No Meeting Room"
"shoppingmode","Shoppingmode"
"currency_franc","Currency Franc"
"finance_mode","Finance Mode"
"data_table","Data Table"
"source_environment","Source Environment"
"bar_chart_4_bars","Bar Chart 4 Bars"
"finance","Finance"
"orders","Orders"
"enterprise","Enterprise"
"bid_landscape","Bid Landscape"
"chart_data","Chart Data"
"contactless_off","Contactless Off"
"podium","Podium"
"universal_currency_alt","Universal Currency Alt"
"conveyor_belt","Conveyor Belt"
"network_node","Network Node"
"family_history","Family History"
"planner_review","Planner Review"
"quick_reorder","Quick Reorder"
"flowsheet","Flowsheet"
"energy","Energy"
"order_approve","Order Approve"
"checkbook","Checkbook"
"send_money","Send Money"
"universal_currency","Universal Currency"
"box","Box"
"mintmark","Mintmark"
"forklift","Forklift"
"qr_code_2_add","Qr Code 2 Add"
"inactive_order","Inactive Order"
"box_add","Box Add"
"mitre","Mitre"
"front_loader","Front Loader"
"pallet","Pallet"
"trolley","Trolley"
"barcode_reader","Barcode Reader"
"enterprise_off","Enterprise Off"
"work_alert","Work Alert"
"bid_landscape_disabled","Bid Landscape Disabled"
"work_update","Work Update"
"conversion_path_off","Conversion Path Off"
"order_play","Order Play"
"box_edit","Box Edit"
"credit_card_heart","Credit Card Heart"
"shopping_cart_off","Shopping Cart Off"
"credit_card_gear","Credit Card Gear"
"pin_drop","Pin Drop"
"location_on","Location On"
"map","Map"
"home_pin","Home Pin"
"explore","Explore"
"restaurant","Restaurant"
"flag","Flag"
"my_location","My Location"
"local_fire_department","Local Fire Department"
"person_pin_circle","Person Pin Circle"
"local_mall","Local Mall"
"near_me","Near Me"
"where_to_vote","Where To Vote"
"business_center","Business Center"
"east","East"
"restaurant_menu","Restaurant Menu"
"handyman","Handyman"
"factory","Factory"
"local_library","Local Library"
"medical_services","Medical Services"
"home_work","Home Work"
"layers","Layers"
"local_activity","Local Activity"
"share_location","Share Location"
"emergency","Emergency"
"north_east","North East"
"add_location","Add Location"
"fastfood","Fastfood"
"navigation","Navigation"
"warehouse","Warehouse"
"person_pin","Person Pin"
"home_repair_service","Home Repair Service"
"local_parking","Local Parking"
"local_hospital","Local Hospital"
"local_police","Local Police"
"south","South"
"zoom_out_map","Zoom Out Map"
"location_searching","Location Searching"
"local_florist","Local Florist"
"location_away","Location Away"
"crisis_alert","Crisis Alert"
"west","West"
"local_gas_station","Local Gas Station"
"park","Park"
"maps_ugc","Maps Ugc"
"cleaning_services","Cleaning Services"
"local_atm","Local Atm"
"360","360"
"package","Package"
"electrical_services","Electrical Services"
"flag_circle","Flag Circle"
"north","North"
"add_location_alt","Add Location Alt"
"directions","Directions"
"fmd_bad","Fmd Bad"
"theater_comedy","Theater Comedy"
"local_drink","Local Drink"
"location_home","Location Home"
"local_pizza","Local Pizza"
"not_listed_location","Not Listed Location"
"local_post_office","Local Post Office"
"wine_bar","Wine Bar"
"beenhere","Beenhere"
"signpost","Signpost"
"local_convenience_store","Local Convenience Store"
"alt_route","Alt Route"
"tour","Tour"
"traffic","Traffic"
"trip_origin","Trip Origin"
"church","Church"
"local_laundry_service","Local Laundry Service"
"safety_check","Safety Check"
"ev_station","Ev Station"
"takeout_dining","Takeout Dining"
"moving","Moving"
"zoom_in_map","Zoom In Map"
"soup_kitchen","Soup Kitchen"
"pest_control","Pest Control"
"stadium","Stadium"
"transfer_within_a_station","Transfer Within A Station"
"location_off","Location Off"
"connecting_airports","Connecting Airports"
"wrong_location","Wrong Location"
"multiple_stop","Multiple Stop"
"edit_location","Edit Location"
"plumbing","Plumbing"
"mode_of_travel","Mode Of Travel"
"minor_crash","Minor Crash"
"south_east","South East"
"add_road","Add Road"
"local_pharmacy","Local Pharmacy"
"fire_truck","Fire Truck"
"castle","Castle"
"dry_cleaning","Dry Cleaning"
"set_meal","Set Meal"
"baby_changing_station","Baby Changing Station"
"edit_location_alt","Edit Location Alt"
"layers_clear","Layers Clear"
"north_west","North West"
"mosque","Mosque"
"local_car_wash","Local Car Wash"
"edit_attributes","Edit Attributes"
"run_circle","Run Circle"
"transit_enterexit","Transit Enterexit"
"sos","Sos"
"satellite","Satellite"
"edit_road","Edit Road"
"south_west","South West"
"streetview","Streetview"
"add_home","Add Home"
"kebab_dining","Kebab Dining"
"airline_stops","Airline Stops"
"fire_hydrant","Fire Hydrant"
"local_see","Local See"
"assist_walker","Assist Walker"
"add_home_work","Add Home Work"
"flight_class","Flight Class"
"remove_road","Remove Road"
"no_meals","No Meals"
"synagogue","Synagogue"
"fort","Fort"
"temple_buddhist","Temple Buddhist"
"location_disabled","Location Disabled"
"compass_calibration","Compass Calibration"
"temple_hindu","Temple Hindu"
"explore_off","Explore Off"
"pest_control_rodent","Pest Control Rodent"
"directions_alt","Directions Alt"
"near_me_disabled","Near Me Disabled"
"pergola","Pergola"
"directions_off","Directions Off"
"things_to_do","Things To Do"
"pet_supplies","Pet Supplies"
"package_2","Package 2"
"explore_nearby","Explore Nearby"
"directions_alt_off","Directions Alt Off"
"universal_local","Universal Local"
"file_map","File Map"
"moved_location","Moved Location"
"move_location","Move Location"
"move","Move"
"safety_check_off","Safety Check Off"
"moving_ministry","Moving Ministry"
"play_arrow","Play Arrow"
"play_circle","Play Circle"
"mic","Mic"
"videocam","Videocam"
"volume_up","Volume Up"
"pause","Pause"
"music_note","Music Note"
"library_books","Library Books"
"movie","Movie"
"speed","Speed"
"skip_next","Skip Next"
"replay","Replay"
"volume_off","Volume Off"
"pause_circle","Pause Circle"
"view_in_ar","View In Ar"
"fiber_manual_record","Fiber Manual Record"
"skip_previous","Skip Previous"
"stop","Stop"
"stop_circle","Stop Circle"
"equalizer","Equalizer"
"subscriptions","Subscriptions"
"video_library","Video Library"
"fast_forward","Fast Forward"
"playlist_add","Playlist Add"
"video_call","Video Call"
"repeat","Repeat"
"volume_mute","Volume Mute"
"mic_off","Mic Off"
"shuffle","Shuffle"
"hearing","Hearing"
"library_music","Library Music"
"podcasts","Podcasts"
"playlist_add_check","Playlist Add Check"
"fast_rewind","Fast Rewind"
"queue_music","Queue Music"
"sound_detection_dog_barking","Sound Detection Dog Barking"
"video_camera_front","Video Camera Front"
"subtitles","Subtitles"
"volume_down","Volume Down"
"play_pause","Play Pause"
"album","Album"
"radio","Radio"
"discover_tune","Discover Tune"
"av_timer","Av Timer"
"library_add_check","Library Add Check"
"closed_caption","Closed Caption"
"videocam_off","Videocam Off"
"stream","Stream"
"forward_10","Forward 10"
"not_started","Not Started"
"replay_10","Replay 10"
"fiber_new","Fiber New"
"playlist_play","Playlist Play"
"branding_watermark","Branding Watermark"
"text_to_speech","Text To Speech"
"recent_actors","Recent Actors"
"playlist_remove","Playlist Remove"
"interpreter_mode","Interpreter Mode"
"slow_motion_video","Slow Motion Video"
"frame_person","Frame Person"
"playlist_add_check_circle","Playlist Add Check Circle"
"settings_voice","Settings Voice"
"video_settings","Video Settings"
"featured_play_list","Featured Play List"
"sound_detection_loud_sound","Sound Detection Loud Sound"
"audio_file","Audio File"
"lyrics","Lyrics"
"play_lesson","Play Lesson"
"hd","Hd"
"repeat_one","Repeat One"
"high_quality","High Quality"
"call_to_action","Call To Action"
"add_to_queue","Add To Queue"
"music_off","Music Off"
"video_camera_back","Video Camera Back"
"spatial_audio_off","Spatial Audio Off"
"shuffle_on","Shuffle On"
"playlist_add_circle","Playlist Add Circle"
"volume_down_alt","Volume Down Alt"
"featured_video","Featured Video"
"hearing_disabled","Hearing Disabled"
"replay_5","Replay 5"
"repeat_on","Repeat On"
"queue_play_next","Queue Play Next"
"speech_to_text","Speech To Text"
"spatial_audio","Spatial Audio"
"art_track","Art Track"
"explicit","Explicit"
"airplay","Airplay"
"4k","4k"
"forward_30","Forward 30"
"forward_5","Forward 5"
"music_video","Music Video"
"replay_30","Replay 30"
"spatial_tracking","Spatial Tracking"
"control_camera","Control Camera"
"closed_caption_disabled","Closed Caption Disabled"
"digital_out_of_home","Digital Out Of Home"
"brand_awareness","Brand Awareness"
"video_label","Video Label"
"fiber_smart_record","Fiber Smart Record"
"play_disabled","Play Disabled"
"repeat_one_on","Repeat One On"
"sd","Sd"
"broadcast_on_personal","Broadcast On Personal"
"missed_video_call","Missed Video Call"
"surround_sound","Surround Sound"
"fiber_pin","Fiber Pin"
"10k","10k"
"60fps","60fps"
"sound_detection_glass_break","Sound Detection Glass Break"
"remove_from_queue","Remove From Queue"
"broadcast_on_home","Broadcast On Home"
"fiber_dvr","Fiber Dvr"
"30fps","30fps"
"4k_plus","4k Plus"
"video_stable","Video Stable"
"8k","8k"
"1k","1k"
"instant_mix","Instant Mix"
"privacy","Privacy"
"8k_plus","8k Plus"
"2k","2k"
"7k","7k"
"1k_plus","1k Plus"
"9k_plus","9k Plus"
"9k","9k"
"5k","5k"
"voice_selection","Voice Selection"
"6k","6k"
"2k_plus","2k Plus"
"5k_plus","5k Plus"
"6k_plus","6k Plus"
"3k","3k"
"3k_plus","3k Plus"
"7k_plus","7k Plus"
"ar_on_you","Ar On You"
"music_cast","Music Cast"
"no_sound","No Sound"
"genres","Genres"
"video_search","Video Search"
"cinematic_blur","Cinematic Blur"
"video_camera_front_off","Video Camera Front Off"
"hangout_video","Hangout Video"
"media_link","Media Link"
"artist","Artist"
"movie_edit","Movie Edit"
"autoplay","Autoplay"
"resume","Resume"
"autopause","Autopause"
"mic_double","Mic Double"
"forward_media","Forward Media"
"audio_description","Audio Description"
"ar_stickers","Ar Stickers"
"movie_info","Movie Info"
"select_to_speak","Select To Speak"
"forward_circle","Forward Circle"
"full_hd","Full Hd"
"2d","2d"
"hangout_video_off","Hangout Video Off"
"autostop","Autostop"
"view_in_ar_off","View In Ar Off"
"sound_sampler","Sound Sampler"
"speed_0_5","Speed 0 5"
"frame_person_off","Frame Person Off"
"speed_2x","Speed 2x"
"speed_1_5","Speed 1 5"
"speed_1_2","Speed 1 2"
"local_shipping","Local Shipping"
"directions_car","Directions Car"
"flight","Flight"
"directions_run","Directions Run"
"directions_walk","Directions Walk"
"flight_takeoff","Flight Takeoff"
"directions_bus","Directions Bus"
"train","Train"
"directions_bike","Directions Bike"
"airport_shuttle","Airport Shuttle"
"pedal_bike","Pedal Bike"
"directions_boat","Directions Boat"
"two_wheeler","Two Wheeler"
"agriculture","Agriculture"
"local_taxi","Local Taxi"
"sailing","Sailing"
"electric_car","Electric Car"
"flight_land","Flight Land"
"hail","Hail"
"no_crash","No Crash"
"commute","Commute"
"motorcycle","Motorcycle"
"car_crash","Car Crash"
"tram","Tram"
"departure_board","Departure Board"
"subway","Subway"
"electric_moped","Electric Moped"
"turn_right","Turn Right"
"electric_scooter","Electric Scooter"
"fork_right","Fork Right"
"directions_subway","Directions Subway"
"tire_repair","Tire Repair"
"electric_bike","Electric Bike"
"rv_hookup","Rv Hookup"
"turn_left","Turn Left"
"bus_alert","Bus Alert"
"transportation","Transportation"
"airlines","Airlines"
"taxi_alert","Taxi Alert"
"u_turn_left","U Turn Left"
"directions_railway","Directions Railway"
"electric_rickshaw","Electric Rickshaw"
"turn_slight_right","Turn Slight Right"
"u_turn_right","U Turn Right"
"fork_left","Fork Left"
"railway_alert","Railway Alert"
"bike_scooter","Bike Scooter"
"turn_sharp_right","Turn Sharp Right"
"turn_slight_left","Turn Slight Left"
"no_transfer","No Transfer"
"snowmobile","Snowmobile"
"turn_sharp_left","Turn Sharp Left"
"flightsmode","Flightsmode"
"swap_driving_apps_wheel","Swap Driving Apps Wheel"
"swap_driving_apps","Swap Driving Apps"
"ambulance","Ambulance"
"auto_towing","Auto Towing"
"auto_transmission","Auto Transmission"
"car_tag","Car Tag"
"school","School"
"campaign","Campaign"
"construction","Construction"
"engineering","Engineering"
"volunteer_activism","Volunteer Activism"
"science","Science"
"sports_esports","Sports Esports"
"confirmation_number","Confirmation Number"
"real_estate_agent","Real Estate Agent"
"cake","Cake"
"self_improvement","Self Improvement"
"sports_soccer","Sports Soccer"
"air","Air"
"biotech","Biotech"
"water","Water"
"hiking","Hiking"
"architecture","Architecture"
"sports_score","Sports Score"
"personal_injury","Personal Injury"
"sports_basketball","Sports Basketball"
"waves","Waves"
"theaters","Theaters"
"sports_tennis","Sports Tennis"
"switch_account","Switch Account"
"nights_stay","Nights Stay"
"sports_gymnastics","Sports Gymnastics"
"how_to_vote","How To Vote"
"sports_motorsports","Sports Motorsports"
"backpack","Backpack"
"experiment","Experiment"
"sports_kabaddi","Sports Kabaddi"
"surfing","Surfing"
"piano","Piano"
"sports","Sports"
"toys","Toys"
"sports_volleyball","Sports Volleyball"
"camping","Camping"
"sports_baseball","Sports Baseball"
"sports_martial_arts","Sports Martial Arts"
"swords","Swords"
"downhill_skiing","Downhill Skiing"
"scoreboard","Scoreboard"
"kayaking","Kayaking"
"phishing","Phishing"
"sports_handball","Sports Handball"
"sports_football","Sports Football"
"skateboarding","Skateboarding"
"trophy","Trophy"
"sports_golf","Sports Golf"
"toys_fan","Toys Fan"
"sports_cricket","Sports Cricket"
"nordic_walking","Nordic Walking"
"roller_skating","Roller Skating"
"kitesurfing","Kitesurfing"
"rowing","Rowing"
"featured_seasonal_and_gifts","Featured Seasonal And Gifts"
"scuba_diving","Scuba Diving"
"storm","Storm"
"sports_mma","Sports Mma"
"paragliding","Paragliding"
"snowboarding","Snowboarding"
"sports_hockey","Sports Hockey"
"ice_skating","Ice Skating"
"snowshoeing","Snowshoeing"
"sports_rugby","Sports Rugby"
"sledding","Sledding"
"family_link","Family Link"
"piano_off","Piano Off"
"no_backpack","No Backpack"
"rewarded_ads","Rewarded Ads"
"ifl","Ifl"
"sprint","Sprint"
"steps","Steps"
"ecg_heart","Ecg Heart"
"health_metrics","Health Metrics"
"toys_and_games","Toys And Games"
"mindfulness","Mindfulness"
"readiness_score","Readiness Score"
"exercise","Exercise"
"cake_add","Cake Add"
"service_toolbox","Service Toolbox"
"person_celebrate","Person Celebrate"
"person_play","Person Play"
"sports_and_outdoors","Sports And Outdoors"
"stress_management","Stress Management"
"laps","Laps"
"floor","Floor"
"newsstand","Newsstand"
"menstrual_health","Menstrual Health"
"pace","Pace"
"azm","Azm"
"distance","Distance"
"relax","Relax"
"avg_pace","Avg Pace"
"bath_private","Bath Private"
"play_shapes","Play Shapes"
"water_full","Water Full"
"water_medium","Water Medium"
"avg_time","Avg Time"
"interactive_space","Interactive Space"
"onsen","Onsen"
"bath_outdoor","Bath Outdoor"
"eda","Eda"
"fertile","Fertile"
"spo2","Spo2"
"elevation","Elevation"
"podiatry","Podiatry"
"bia","Bia"
"cleaning","Cleaning"
"hr_resting","Hr Resting"
"science_off","Science Off"
"glass_cup","Glass Cup"
"bath_public_large","Bath Public Large"
"water_loss","Water Loss"
"check_in_out","Check In Out"
"monitor_weight_loss","Monitor Weight Loss"
"monitor_weight_gain","Monitor Weight Gain"
"sauna","Sauna"
"sleep_score","Sleep Score"
"physical_therapy","Physical Therapy"
"phone_iphone","Phone iPhone"
"save","Save"
"smartphone","Smartphone"
"print","Print"
"keyboard_arrow_down","Keyboard Arrow Down"
"computer","Computer"
"devices","Devices"
"desktop_windows","Desktop Windows"
"smart_display","Smart Display"
"dns","Dns"
"keyboard_backspace","Keyboard Backspace"
"headphones","Headphones"
"smart_toy","Smart Toy"
"phone_android","Phone Android"
"memory","Memory"
"keyboard_arrow_right","Keyboard Arrow Right"
"keyboard","Keyboard"
"live_tv","Live Tv"
"laptop_mac","Laptop Mac"
"tv","Tv"
"headset_mic","Headset Mic"
"keyboard_arrow_up","Keyboard Arrow Up"
"device_thermostat","Device Thermostat"
"balance","Balance"
"mouse","Mouse"
"route","Route"
"point_of_sale","Point Of Sale"
"laptop_chromebook","Laptop Chromebook"
"keyboard_arrow_left","Keyboard Arrow Left"
"keyboard_return","Keyboard Return"
"watch","Watch"
"power","Power"
"laptop_windows","Laptop Windows"
"developer_board","Developer Board"
"router","Router"
"display_settings","Display Settings"
"scale","Scale"
"cast","Cast"
"book_online","Book Online"
"developer_mode","Developer Mode"
"fax","Fax"
"videogame_asset","Videogame Asset"
"cast_for_education","Cast For Education"
"device_hub","Device Hub"
"straight","Straight"
"mobile_friendly","Mobile Friendly"
"screen_search_desktop","Screen Search Desktop"
"desktop_mac","Desktop Mac"
"settings_input_antenna","Settings Input Antenna"
"settings_ethernet","Settings Ethernet"
"monitor","Monitor"
"devices_other","Devices Other"
"send_to_mobile","Send To Mobile"
"important_devices","Important Devices"
"tablet_mac","Tablet Mac"
"system_update","System Update"
"settings_remote","Settings Remote"
"monitor_weight","Monitor Weight"
"screen_rotation","Screen Rotation"
"screen_share","Screen Share"
"keyboard_alt","Keyboard Alt"
"settings_input_component","Settings Input Component"
"sim_card","Sim Card"
"speaker","Speaker"
"merge","Merge"
"connected_tv","Connected Tv"
"tablet","Tablet"
"keyboard_tab","Keyboard Tab"
"vibration","Vibration"
"power_off","Power Off"
"screenshot_monitor","Screenshot Monitor"
"remember_me","Remember Me"
"browser_updated","Browser Updated"
"security_update_good","Security Update Good"
"sd_card","Sd Card"
"cast_connected","Cast Connected"
"device_unknown","Device Unknown"
"tablet_android","Tablet Android"
"charging_station","Charging Station"
"phonelink_setup","Phonelink Setup"
"punch_clock","Punch Clock"
"screenshot","Screenshot"
"scanner","Scanner"
"settings_input_hdmi","Settings Input Hdmi"
"stay_current_portrait","Stay Current Portrait"
"tap_and_play","Tap And Play"
"print_disabled","Print Disabled"
"keyboard_hide","Keyboard Hide"
"security_update_warning","Security Update Warning"
"keyboard_capslock","Keyboard Capslock"
"speaker_group","Speaker Group"
"disc_full","Disc Full"
"app_blocking","App Blocking"
"mobile_screen_share","Mobile Screen Share"
"sd_card_alert","Sd Card Alert"
"aod","Aod"
"tty","Tty"
"add_to_home_screen","Add To Home Screen"
"lift_to_talk","Lift To Talk"
"earbuds","Earbuds"
"perm_device_information","Perm Device Information"
"stop_screen_share","Stop Screen Share"
"mobile_off","Mobile Off"
"headset_off","Headset Off"
"desktop_access_disabled","Desktop Access Disabled"
"screen_lock_portrait","Screen Lock Portrait"
"offline_share","Offline Share"
"reset_tv","Reset Tv"
"adf_scanner","Adf Scanner"
"headphones_battery","Headphones Battery"
"dock","Dock"
"roundabout_right","Roundabout Right"
"settop_component","Settop Component"
"watch_off","Watch Off"
"settings_input_svideo","Settings Input Svideo"
"smart_screen","Smart Screen"
"stay_current_landscape","Stay Current Landscape"
"chromecast_device","Chromecast Device"
"settings_cell","Settings Cell"
"home_max","Home Max"
"earbuds_battery","Earbuds Battery"
"power_input","Power Input"
"no_sim","No Sim"
"ramp_right","Ramp Right"
"screen_lock_landscape","Screen Lock Landscape"
"roundabout_left","Roundabout Left"
"stay_primary_portrait","Stay Primary Portrait"
"open_in_phone","Open In Phone"
"stay_primary_landscape","Stay Primary Landscape"
"developer_board_off","Developer Board Off"
"tv_off","Tv Off"
"phonelink_off","Phonelink Off"
"home_mini","Home Mini"
"ramp_left","Ramp Left"
"screen_lock_rotation","Screen Lock Rotation"
"videogame_asset_off","Videogame Asset Off"
"aod_tablet","Aod Tablet"
"robot","Robot"
"gamepad","Gamepad"
"devices_wearables","Devices Wearables"
"robot_2","Robot 2"
"google_home_devices","Google Home Devices"
"joystick","Joystick"
"rear_camera","Rear Camera"
"tv_options_edit_channels","Tv Options Edit Channels"
"app_promo","App Promo"
"jamboard_kiosk","Jamboard Kiosk"
"touchpad_mouse","Touchpad Mouse"
"developer_mode_tv","Developer Mode Tv"
"mimo","Mimo"
"memory_alt","Memory Alt"
"tv_signin","Tv Signin"
"lightning_stand","Lightning Stand"
"tv_options_input_settings","Tv Options Input Settings"
"mimo_disconnect","Mimo Disconnect"
"camera_video","Camera Video"
"devices_off","Devices Off"
"aod_watch","Aod Watch"
"hard_drive","Hard Drive"
"tv_guide","Tv Guide"
"ecg","Ecg"
"night_sight_max","Night Sight Max"
"media_output","Media Output"
"stream_apps","Stream Apps"
"general_device","General Device"
"reset_wrench","Reset Wrench"
"assistant_device","Assistant Device"
"missing_controller","Missing Controller"
"touchpad_mouse_off","Touchpad Mouse Off"
"keyboard_tab_rtl","Keyboard Tab Rtl"
"security_key","Security Key"
"tv_remote","Tv Remote"
"open_jam","Open Jam"
"cast_warning","Cast Warning"
"deskphone","Deskphone"
"hard_drive_2","Hard Drive 2"
"screenshot_tablet","Screenshot Tablet"
"cast_pause","Cast Pause"
"pacemaker","Pacemaker"
"watch_wake","Watch Wake"
"audio_video_receiver","Audio Video Receiver"
"lda","Lda"
"media_output_off","Media Output Off"
"p2p","P2p"
"print_connect","Print Connect"
"print_error","Print Error"
"print_add","Print Add"
"print_lock","Print Lock"
"ventilator","Ventilator"
"watch_button_press","Watch Button Press"
"dark_mode","Dark Mode"
"light_mode","Light Mode"
"wifi","Wifi"
"signal_cellular_alt","Signal Cellular Alt"
"password","Password"
"widgets","Widgets"
"android","Android"
"storage","Storage"
"pin","Pin"
"rss_feed","Rss Feed"
"battery_full","Battery Full"
"wifi_off","Wifi Off"
"bluetooth","Bluetooth"
"battery_charging_full","Battery Charging Full"
"thermostat","Thermostat"
"dvr","Dvr"
"graphic_eq","Graphic Eq"
"nightlight","Nightlight"
"battery_5_bar","Battery 5 Bar"
"signal_wifi_4_bar","Signal Wifi 4 Bar"
"gpp_maybe","Gpp Maybe"
"cable","Cable"
"gpp_bad","Gpp Bad"
"data_usage","Data Usage"
"signal_cellular_4_bar","Signal Cellular 4 Bar"
"battery_4_bar","Battery 4 Bar"
"radar","Radar"
"battery_full_alt","Battery Full Alt"
"airplanemode_active","Airplanemode Active"
"cameraswitch","Cameraswitch"
"battery_0_bar","Battery 0 Bar"
"wallpaper","Wallpaper"
"flashlight_on","Flashlight On"
"signal_disconnected","Signal Disconnected"
"network_check","Network Check"
"battery_6_bar","Battery 6 Bar"
"charger","Charger"
"wifi_tethering","Wifi Tethering"
"sim_card_download","Sim Card Download"
"usb","Usb"
"quick_phrases","Quick Phrases"
"splitscreen","Splitscreen"
"adb","ADB"
"battery_3_bar","Battery 3 Bar"
"battery_1_bar","Battery 1 Bar"
"network_wifi_3_bar","Network Wifi 3 Bar"
"battery_alert","Battery Alert"
"battery_low","Battery Low"
"network_wifi","Network Wifi"
"bluetooth_searching","Bluetooth Searching"
"bluetooth_connected","Bluetooth Connected"
"wifi_find","Wifi Find"
"5g","5g"
"brightness_high","Brightness High"
"battery_2_bar","Battery 2 Bar"
"network_cell","Network Cell"
"nfc","Nfc"
"pattern","Pattern"
"data_saver_on","Data Saver On"
"bluetooth_disabled","Bluetooth Disabled"
"signal_wifi_statusbar_not_connected","Signal Wifi Statusbar Not Connected"
"signal_cellular_3_bar","Signal Cellular 3 Bar"
"signal_wifi_bad","Signal Wifi Bad"
"network_wifi_2_bar","Network Wifi 2 Bar"
"network_wifi_1_bar","Network Wifi 1 Bar"
"noise_control_off","Noise Control Off"
"brightness_medium","Brightness Medium"
"signal_wifi_off","Signal Wifi Off"
"mode_standby","Mode Standby"
"brightness_low","Brightness Low"
"battery_very_low","Battery Very Low"
"mobiledata_off","Mobiledata Off"
"signal_wifi_0_bar","Signal Wifi 0 Bar"
"battery_charging_80","Battery Charging 80"
"battery_saver","Battery Saver"
"battery_charging_20","Battery Charging 20"
"battery_charging_90","Battery Charging 90"
"grid_4x4","Grid 4x4"
"flashlight_off","Flashlight Off"
"battery_unknown","Battery Unknown"
"signal_wifi_statusbar_null","Signal Wifi Statusbar Null"
"battery_charging_50","Battery Charging 50"
"settings_system_daydream","Settings System Daydream"
"signal_cellular_2_bar","Signal Cellular 2 Bar"
"screen_rotation_alt","Screen Rotation Alt"
"wifi_calling_3","Wifi Calling 3"
"signal_cellular_1_bar","Signal Cellular 1 Bar"
"wifi_lock","Wifi Lock"
"4g_mobiledata","4g Mobiledata"
"badge_critical_battery","Badge Critical Battery"
"noise_aware","Noise Aware"
"signal_cellular_connected_no_internet_0_bar","Signal Cellular Connected No Internet 0 Bar"
"do_not_disturb_on_total_silence","Do Not Disturb On Total Silence"
"battery_charging_60","Battery Charging 60"
"nearby_error","Nearby Error"
"signal_cellular_0_bar","Signal Cellular 0 Bar"
"battery_charging_30","Battery Charging 30"
"signal_cellular_connected_no_internet_4_bar","Signal Cellular Connected No Internet 4 Bar"
"network_ping","Network Ping"
"brightness_auto","Brightness Auto"
"wifi_tethering_error","Wifi Tethering Error"
"edgesensor_high","Edgesensor High"
"1x_mobiledata","1x Mobiledata"
"wifi_calling_1","Wifi Calling 1"
"signal_cellular_nodata","Signal Cellular Nodata"
"wifi_2_bar","Wifi 2 Bar"
"grid_3x3","Grid 3x3"
"lte_mobiledata","LTE Mobiledata"
"airplanemode_inactive","Airplanemode Inactive"
"perm_data_setting","Perm Data Setting"
"devices_fold","Devices Fold"
"signal_cellular_alt_2_bar","Signal Cellular Alt 2 Bar"
"bluetooth_drive","Bluetooth Drive"
"perm_scan_wifi","Perm Scan Wifi"
"network_locked","Network Locked"
"4g_plus_mobiledata","4g Plus Mobiledata"
"media_bluetooth_on","Media Bluetooth On"
"wifi_calling_2","Wifi Calling 2"
"signal_cellular_off","Signal Cellular Off"
"timer_10_select","Timer 10 Select"
"wifi_tethering_off","Wifi Tethering Off"
"edgesensor_low","Edgesensor Low"
"signal_cellular_alt_1_bar","Signal Cellular Alt 1 Bar"
"wifi_1_bar","Wifi 1 Bar"
"3g_mobiledata","3g Mobiledata"
"usb_off","Usb Off"
"apk_install","Apk Install"
"signal_cellular_null","Signal Cellular Null"
"lte_plus_mobiledata","LTE Plus Mobiledata"
"ios","iOS"
"grid_goldenratio","Grid Goldenratio"
"g_mobiledata","G Mobiledata"
"portable_wifi_off","Portable Wifi Off"
"noise_control_on","Noise Control On"
"media_bluetooth_off","Media Bluetooth Off"
"timer_3_select","Timer 3 Select"
"apk_document","Apk Document"
"e_mobiledata","E Mobiledata"
"nearby_off","Nearby Off"
"h_mobiledata","H Mobiledata"
"r_mobiledata","R Mobiledata"
"h_plus_mobiledata","H Plus Mobiledata"
"dock_to_left","Dock To Left"
"dual_screen","Dual Screen"
"stylus_note","Stylus Note"
"bigtop_updates","Bigtop Updates"
"stylus","Stylus"
"overview_key","Overview Key"
"nearby","Nearby"
"brightness_alert","Brightness Alert"
"dock_to_right","Dock To Right"
"screen_record","Screen Record"
"screenshot_region","Screenshot Region"
"screenshot_frame","Screenshot Frame"
"brightness_empty","Brightness Empty"
"network_wifi_3_bar_locked","Network Wifi 3 Bar Locked"
"battery_status_good","Battery Status Good"
"display_external_input","Display External Input"
"splitscreen_left","Splitscreen Left"
"keyboard_keys","Keyboard Keys"
"magnify_docked","Magnify Docked"
"screenshot_keyboard","Screenshot Keyboard"
"splitscreen_right","Splitscreen Right"
"battery_error","Battery Error"
"battery_plus","Battery Plus"
"keyboard_external_input","Keyboard External Input"
"magnify_fullscreen","Magnify Fullscreen"
"screen_rotation_up","Screen Rotation Up"
"1x_mobiledata_badge","1x Mobiledata Badge"
"keyboard_off","Keyboard Off"
"wallpaper_slideshow","Wallpaper Slideshow"
"dock_to_bottom","Dock To Bottom"
"network_wifi_2_bar_locked","Network Wifi 2 Bar Locked"
"5g_mobiledata_badge","5g Mobiledata Badge"
"network_wifi_locked","Network Wifi Locked"
"keyboard_capslock_badge","Keyboard Capslock Badge"
"backlight_low","Backlight Low"
"battery_change","Battery Change"
"keyboard_previous_language","Keyboard Previous Language"
"network_wifi_1_bar_locked","Network Wifi 1 Bar Locked"
"splitscreen_bottom","Splitscreen Bottom"
"backlight_high","Backlight High"
"keyboard_full","Keyboard Full"
"splitscreen_top","Splitscreen Top"
"wifi_home","Wifi Home"
"wifi_notification","Wifi Notification"
"h_plus_mobiledata_badge","H Plus Mobiledata Badge"
"keyboard_onscreen","Keyboard Onscreen"
"lte_mobiledata_badge","LTE Mobiledata Badge"
"splitscreen_vertical_add","Splitscreen Vertical Add"
"3g_mobiledata_badge","3g Mobiledata Badge"
"4g_mobiledata_badge","4g Mobiledata Badge"
"backlight_high_off","Backlight High Off"
"e_mobiledata_badge","E Mobiledata Badge"
"g_mobiledata_badge","G Mobiledata Badge"
"grid_3x3_off","Grid 3x3 Off"
"h_mobiledata_badge","H Mobiledata Badge"
"lte_plus_mobiledata_badge","LTE Plus Mobiledata Badge"
"splitscreen_add","Splitscreen Add"
"battery_share","Battery Share"
"ev_mobiledata_badge","Ev Mobiledata Badge"
"signal_cellular_pause","Signal Cellular Pause"
"badge","Badge"
"verified_user","Verified User"
"admin_panel_settings","Admin Panel Settings"
"report","Report"
"security","Security"
"vpn_key","Vpn Key"
"shield","Shield"
"policy","Policy"
"exclamation","Exclamation"
"privacy_tip","Privacy Tip"
"assured_workload","Assured Workload"
"vpn_lock","Vpn Lock"
"disabled_visible","Disabled Visible"
"e911_emergency","E911 Emergency"
"enhanced_encryption","Enhanced Encryption"
"private_connectivity","Private Connectivity"
"vpn_key_off","Vpn Key Off"
"add_moderator","Add Moderator"
"encrypted","Encrypted"
"no_encryption","No Encryption"
"sync_lock","Sync Lock"
"key_visualizer","Key Visualizer"
"wifi_password","Wifi Password"
"remove_moderator","Remove Moderator"
"passkey","Passkey"
"report_off","Report Off"
"shield_lock","Shield Lock"
"shield_person","Shield Person"
"shield_locked","Shield Locked"
"shield_question","Shield Question"
"vpn_key_alert","Vpn Key Alert"
"apartment","Apartment"
"location_city","Location City"
"fitness_center","Fitness Center"
"lunch_dining","Lunch Dining"
"spa","Spa"
"cottage","Cottage"
"local_cafe","Local Cafe"
"hotel","Hotel"
"family_restroom","Family Restroom"
"beach_access","Beach Access"
"local_bar","Local Bar"
"pool","Pool"
"other_houses","Other Houses"
"luggage","Luggage"
"liquor","Liquor"
"casino","Casino"
"airplane_ticket","Airplane Ticket"
"room_service","Room Service"
"sports_bar","Sports Bar"
"bakery_dining","Bakery Dining"
"ramen_dining","Ramen Dining"
"nightlife","Nightlife"
"local_dining","Local Dining"
"holiday_village","Holiday Village"
"icecream","Icecream"
"escalator_warning","Escalator Warning"
"dinner_dining","Dinner Dining"
"museum","Museum"
"food_bank","Food Bank"
"night_shelter","Night Shelter"
"festival","Festival"
"attractions","Attractions"
"golf_course","Golf Course"
"stairs","Stairs"
"villa","Villa"
"smoke_free","Smoke Free"
"smoking_rooms","Smoking Rooms"
"car_rental","Car Rental"
"airline_seat_recline_normal","Airline Seat Recline Normal"
"elevator","Elevator"
"gite","Gite"
"child_friendly","Child Friendly"
"airline_seat_recline_extra","Airline Seat Recline Extra"
"breakfast_dining","Breakfast Dining"
"carpenter","Carpenter"
"car_repair","Car Repair"
"cabin","Cabin"
"brunch_dining","Brunch Dining"
"do_not_touch","Do Not Touch"
"no_food","No Food"
"houseboat","Houseboat"
"tapas","Tapas"
"rice_bowl","Rice Bowl"
"wheelchair_pickup","Wheelchair Pickup"
"bento","Bento"
"no_drinks","No Drinks"
"do_not_step","Do Not Step"
"airline_seat_flat","Airline Seat Flat"
"bungalow","Bungalow"
"escalator","Escalator"
"airline_seat_individual_suite","Airline Seat Individual Suite"
"chalet","Chalet"
"no_luggage","No Luggage"
"travel","Travel"
"airline_seat_legroom_extra","Airline Seat Legroom Extra"
"airline_seat_flat_angled","Airline Seat Flat Angled"
"airline_seat_legroom_normal","Airline Seat Legroom Normal"
"airline_seat_legroom_reduced","Airline Seat Legroom Reduced"
"no_stroller","No Stroller"
"flights_and_hotels","Flights And Hotels"
"personal_places","Personal Places"
"trip","Trip"
"travel_luggage_and_bags","Travel Luggage And Bags"
"personal_bag","Personal Bag"
"carry_on_bag_question","Carry On Bag Question"
"concierge","Concierge"
"personal_bag_question","Personal Bag Question"
"checked_bag","Checked Bag"
"carry_on_bag_checked","Carry On Bag Checked"
"your_trips","Your Trips"
"checked_bag_question","Checked Bag Question"
"carry_on_bag","Carry On Bag"
"personal_bag_off","Personal Bag Off"
"carry_on_bag_inactive","Carry On Bag Inactive"
"house","House"
"bed","Bed"
"ac_unit","Ac Unit"
"chair","Chair"
"electric_bolt","Electric Bolt"
"coffee","Coffee"
"sensors","Sensors"
"child_care","Child Care"
"back_hand","Back Hand"
"emergency_home","Emergency Home"
"checkroom","Checkroom"
"grass","Grass"
"shower","Shower"
"mode_fan","Mode Fan"
"mop","Mop"
"kitchen","Kitchen"
"thermometer","Thermometer"
"styler","Styler"
"yard","Yard"
"bathtub","Bathtub"
"king_bed","King Bed"
"roofing","Roofing"
"energy_savings_leaf","Energy Savings Leaf"
"window","Window"
"valve","Valve"
"cooking","Cooking"
"garage_home","Garage Home"
"door_front","Door Front"
"mode_heat","Mode Heat"
"light","Light"
"foundation","Foundation"
"garage","Garage"
"outdoor_grill","Outdoor Grill"
"table_restaurant","Table Restaurant"
"dining","Dining"
"sensor_occupied","Sensor Occupied"
"deck","Deck"
"weekend","Weekend"
"coffee_maker","Coffee Maker"
"humidity_high","Humidity High"
"highlight","Highlight"
"flatware","Flatware"
"humidity_low","Humidity Low"
"fireplace","Fireplace"
"mode_night","Mode Night"
"electric_meter","Electric Meter"
"tv_gen","Tv Gen"
"humidity_mid","Humidity Mid"
"bedroom_parent","Bedroom Parent"
"chair_alt","Chair Alt"
"scene","Scene"
"blender","Blender"
"microwave","Microwave"
"heat_pump","Heat Pump"
"bedroom_baby","Bedroom Baby"
"single_bed","Single Bed"
"oven_gen","Oven Gen"
"bathroom","Bathroom"
"hardware","Hardware"
"in_home_mode","In Home Mode"
"hot_tub","Hot Tub"
"mode_off_on","Mode Off On"
"sprinkler","Sprinkler"
"mode_cool","Mode Cool"
"table_bar","Table Bar"
"gas_meter","Gas Meter"
"crib","Crib"
"propane_tank","Propane Tank"
"living","Living"
"soap","Soap"
"countertops","Countertops"
"home_iot_device","Home Iot Device"
"fire_extinguisher","Fire Extinguisher"
"outlet","Outlet"
"remote_gen","Remote Gen"
"gate","Gate"
"matter","Matter"
"sensor_door","Sensor Door"
"event_seat","Event Seat"
"airware","Airware"
"faucet","Faucet"
"air_freshener","Air Freshener"
"dishwasher_gen","Dishwasher Gen"
"energy_program_saving","Energy Program Saving"
"balcony","Balcony"
"water_damage","Water Damage"
"wash","Wash"
"camera_indoor","Camera Indoor"
"bedroom_child","Bedroom Child"
"house_siding","House Siding"
"switch","Switch"
"microwave_gen","Microwave Gen"
"detector_smoke","Detector Smoke"
"door_sliding","Door Sliding"
"iron","Iron"
"energy_program_time_used","Energy Program Time Used"
"desk","Desk"
"umbrella","Umbrella"
"fence","Fence"
"water_heater","Water Heater"
"dresser","Dresser"
"doorbell","Doorbell"
"door_back","Door Back"
"mode_fan_off","Mode Fan Off"
"hvac","Hvac"
"emergency_share","Emergency Share"
"kettle","Kettle"
"camera_outdoor","Camera Outdoor"
"air_purifier_gen","Air Purifier Gen"
"emergency_heat","Emergency Heat"
"stroller","Stroller"
"curtains","Curtains"
"multicooker","Multicooker"
"sensors_off","Sensors Off"
"shield_moon","Shield Moon"
"mode_heat_cool","Mode Heat Cool"
"emergency_recording","Emergency Recording"
"thermostat_auto","Thermostat Auto"
"smart_outlet","Smart Outlet"
"controller_gen","Controller Gen"
"blinds","Blinds"
"roller_shades","Roller Shades"
"dry","Dry"
"blinds_closed","Blinds Closed"
"roller_shades_closed","Roller Shades Closed"
"propane","Propane"
"apparel","Apparel"
"sensor_window","Sensor Window"
"thermostat_carbon","Thermostat Carbon"
"range_hood","Range Hood"
"tv_with_assistant","Tv With Assistant"
"doorbell_3p","Doorbell 3p"
"blanket","Blanket"
"vertical_shades_closed","Vertical Shades Closed"
"vertical_shades","Vertical Shades"
"curtains_closed","Curtains Closed"
"mode_heat_off","Mode Heat Off"
"health_and_beauty","Health And Beauty"
"mode_cool_off","Mode Cool Off"
"family_home","Family Home"
"tamper_detection_off","Tamper Detection Off"
"grocery","Grocery"
"light_off","Light Off"
"thermometer_gain","Thermometer Gain"
"household_supplies","Household Supplies"
"vacuum","Vacuum"
"shelves","Shelves"
"garage_door","Garage Door"
"home_and_garden","Home And Garden"
"wall_art","Wall Art"
"dishwasher","Dishwasher"
"thermometer_add","Thermometer Add"
"skillet","Skillet"
"air_purifier","Air Purifier"
"home_improvement_and_tools","Home Improvement And Tools"
"oven","Oven"
"thermometer_loss","Thermometer Loss"
"hallway","Hallway"
"thermometer_minus","Thermometer Minus"
"emergency_share_off","Emergency Share Off"
"stockpot","Stockpot"
"skillet_cooktop","Skillet Cooktop"
"emergency_heat_2","Emergency Heat 2"
"stadia_controller","Stadia Controller"
"door_open","Door Open"
"nest_eco_leaf","Nest Eco Leaf"
"device_reset","Device Reset"
"nest_remote_comfort_sensor","Nest Remote Comfort Sensor"
"nest_clock_farsight_analog","Nest Clock Farsight Analog"
"laundry","Laundry"
"battery_horiz_075","Battery Horiz 075"
"shield_with_heart","Shield With Heart"
"temp_preferences_eco","Temp Preferences Eco"
"familiar_face_and_zone","Familiar Face And Zone"
"tools_power_drill","Tools Power Drill"
"airwave","Airwave"
"productivity","Productivity"
"battery_horiz_050","Battery Horiz 050"
"nest_heat_link_gen_3","Nest Heat Link Gen 3"
"nest_display","Nest Display"
"weather_snowy","Weather Snowy"
"ev_charger","Ev Charger"
"activity_zone","Activity Zone"
"nest_remote","Nest Remote"
"cleaning_bucket","Cleaning Bucket"
"settings_alert","Settings Alert"
"nest_cam_indoor","Nest Cam Indoor"
"arrows_more_up","Arrows More Up"
"home_storage","Home Storage"
"nest_heat_link_e","Nest Heat Link E"
"nest_multi_room","Nest Multi Room"
"nest_secure_alarm","Nest Secure Alarm"
"battery_horiz_000","Battery Horiz 000"
"detection_and_zone","Detection And Zone"
"light_group","Light Group"
"nest_cam_outdoor","Nest Cam Outdoor"
"google_wifi","Google Wifi"
"nest_thermostat_gen_3","Nest Thermostat Gen 3"
"tools_pliers_wire_stripper","Tools Pliers Wire Stripper"
"mfg_nest_yale_lock","Mfg Nest Yale Lock"
"detector_alarm","Detector Alarm"
"early_on","Early On"
"tools_ladder","Tools Ladder"
"nest_cam_iq_outdoor","Nest Cam Iq Outdoor"
"floor_lamp","Floor Lamp"
"nest_mini","Nest Mini"
"nest_clock_farsight_digital","Nest Clock Farsight Digital"
"nest_cam_iq","Nest Cam Iq"
"home_speaker","Home Speaker"
"nest_hello_doorbell","Nest Hello Doorbell"
"nest_audio","Nest Audio"
"home_max_dots","Home Max Dots"
"zone_person_urgent","Zone Person Urgent"
"motion_sensor_active","Motion Sensor Active"
"nest_wifi_router","Nest Wifi Router"
"cool_to_dry","Cool To Dry"
"house_with_shield","House With Shield"
"nest_display_max","Nest Display Max"
"shield_with_house","Shield With House"
"nest_farsight_weather","Nest Farsight Weather"
"chromecast_2","Chromecast 2"
"battery_profile","Battery Profile"
"window_closed","Window Closed"
"heat_pump_balance","Heat Pump Balance"
"arming_countdown","Arming Countdown"
"nest_found_savings","Nest Found Savings"
"self_care","Self Care"
"detector_status","Detector Status"
"window_open","Window Open"
"tools_level","Tools Level"
"nest_thermostat_zirconium_eu","Nest Thermostat Zirconium Eu"
"zone_person_alert","Zone Person Alert"
"arrows_more_down","Arrows More Down"
"nest_cam_wired_stand","Nest Cam Wired Stand"
"nest_true_radiant","Nest True Radiant"
"detector","Detector"
"door_sensor","Door Sensor"
"nest_detect","Nest Detect"
"climate_mini_split","Climate Mini Split"
"nest_doorbell_visitor","Nest Doorbell Visitor"
"nest_wifi_point","Nest Wifi Point"
"quiet_time","Quiet Time"
"nest_cam_floodlight","Nest Cam Floodlight"
"nest_tag","Nest Tag"
"tools_installation_kit","Tools Installation Kit"
"nest_connect","Nest Connect"
"nest_thermostat_sensor","Nest Thermostat Sensor"
"nest_thermostat_sensor_eu","Nest Thermostat Sensor Eu"
"nest_sunblock","Nest Sunblock"
"tools_phillips","Tools Phillips"
"doorbell_chime","Doorbell Chime"
"nest_thermostat_e_eu","Nest Thermostat E Eu"
"detector_co","Detector Co"
"tools_flat_head","Tools Flat Head"
"table_lamp","Table Lamp"
"detector_battery","Detector Battery"
"nest_wake_on_approach","Nest Wake On Approach"
"nest_wake_on_press","Nest Wake On Press"
"motion_sensor_urgent","Motion Sensor Urgent"
"window_sensor","Window Sensor"
"motion_sensor_alert","Motion Sensor Alert"
"tamper_detection_on","Tamper Detection On"
"nest_cam_magnet_mount","Nest Cam Magnet Mount"
"zone_person_idle","Zone Person Idle"
"quiet_time_active","Quiet Time Active"
"nest_cam_stand","Nest Cam Stand"
"nest_cam_wall_mount","Nest Cam Wall Mount"
"wall_lamp","Wall Lamp"
"detector_offline","Detector Offline"
"motion_sensor_idle","Motion Sensor Idle"
"sensors_krx","Sensors Krx"
"water_pump","Water Pump"
"nest_thermostat","Nest Thermostat"
"heat","Heat"
"assistant_on_hub","Assistant On Hub"
"mode_dual","Mode Dual"
"nest_protect","Nest Protect"
"sensors_krx_off","Sensors Krx Off"
"google_tv_remote","Google Tv Remote"
"aq_indoor","Aq Indoor"
"on_hub_device","On Hub Device"
"aq","Aq"
"nest_wifi_pro","Nest Wifi Pro"
"farsight_digital","Farsight Digital"
"humidity_indoor","Humidity Indoor"
"nest_wifi_pro_2","Nest Wifi Pro 2"
"nest_gale_wifi","Nest Gale Wifi"